id,timeframe,computed_at,regime,signal,confidence,entry_price,stop_loss,take_profit,hold_bars,reason,conf_regime,conf_tail,conf_backtest,rc,ar,score_mr,score_mom,volatility,params_json,outcome,pnl,exit_price,exit_ts,label_computed_at
158,1m,2026-03-04 11:01:47.835414+03,MOM,BUY,0.6792,2016.65,2013.61,2022.74,1,"Regime=MOM(rc=nan,ar=0.295) | score_mom=0.000799 vs +/-0.000399 | trend_str=0.004134(gate>=0.002000)✓ | conf=0.68",1,0.5028,0.142,NaN,0.294672,0,0.000799,0.00150858,"{""a_min"": 0.1, ""mom_k"": 2.0, ""r_min"": 0.05, ""price_z"": 4.5369, ""hold_bars"": 1, ""trend_min"": 0.002, ""quantile_hi"": 0.85, ""quantile_lo"": 0.15, ""stretch_z_min"": 1.0, ""trend_strength"": 0.004134, ""quantile_window"": 200}",LOSS,-0.00669949,2007.195,2026-03-04 11:02:00+03,2026-03-04 11:04:50.461208+03
169,30m,2026-03-05 02:06:11.935916+03,MR,SELL,0.6293,2133.72,2168.63,2104.62,3,"Regime=MR(rc=-0.124,ar=0.111) | score_mr=48.224 vs [-5.409,4.264] | price_z=1.214(gate|z|>=1.00)✓ | conf=0.63",0.4977,1,0.4025,-0.124419,0.110698,48.223502,0.000127,0.00787288,"{""a_min"": 0.1, ""mom_k"": 1.5, ""r_min"": 0.05, ""price_z"": 1.2139, ""hold_bars"": 3, ""trend_min"": 0.002, ""quantile_hi"": 0.95, ""quantile_lo"": 0.05, ""stretch_z_min"": 1.0, ""trend_strength"": 0.023002, ""quantile_window"": 200}",LOSS,-7.897e-05,2129.625,2026-03-05 03:30:00+03,2026-03-05 04:07:00.508967+03
172,30m,2026-03-05 02:28:22.962023+03,MR,SELL,0.6235,2128.3,2163.29,2099.13,3,"Regime=MR(rc=-0.121,ar=0.124) | score_mr=24.684 vs [-5.409,4.264] | price_z=1.091(gate|z|>=1.00)✓ | conf=0.62",0.4859,1,0.4025,-0.121486,0.124092,24.683563,-0.000115,0.00791199,"{""a_min"": 0.1, ""mom_k"": 1.5, ""r_min"": 0.05, ""price_z"": 1.0907, ""hold_bars"": 3, ""trend_min"": 0.002, ""quantile_hi"": 0.95, ""quantile_lo"": 0.05, ""stretch_z_min"": 1.0, ""trend_strength"": 0.022918, ""quantile_window"": 200}",LOSS,-0.00262237,2129.625,2026-03-05 03:30:00+03,2026-03-05 04:29:18.78666+03
175,1m,2026-03-05 10:56:41.280046+03,MOM,SELL,0.6955,2097.11,2099.44,2092.46,1,"Regime=MOM(rc=nan,ar=0.380) | score_mom=-0.000805 vs +/-0.000391 | trend_str=-0.002856(gate>=0.002000)✓ | conf=0.70",1,0.5296,0.1829,NaN,0.37957,0,-0.000805,0.00110977,"{""a_min"": 0.1, ""mom_k"": 2.0, ""r_min"": 0.05, ""price_z"": -3.6188, ""hold_bars"": 1, ""trend_min"": 0.002, ""quantile_hi"": 0.85, ""quantile_lo"": 0.15, ""stretch_z_min"": 1.0, ""trend_strength"": -0.002856, ""quantile_window"": 300}",LOSS,-0.00411258,2101.545,2026-03-05 10:57:00+03,2026-03-05 10:59:43.629894+03
190,30m,2026-03-05 20:50:33.91071+03,MR,BUY,0.6131,2061.89,2037.2,2082.45,2,"Regime=MR(rc=-0.122,ar=-0.075) | score_mr=-24.355 vs [-3.497,3.128] | price_z=-1.054(gate|z|>=0.50)✓ | conf=0.61",0.4875,1,0.3469,-0.121873,-0.074695,-24.355048,-0.002077,0.00705337,"{""a_min"": 0.1, ""mom_k"": 1.5, ""r_min"": 0.1, ""price_z"": -1.0542, ""hold_bars"": 2, ""trend_min"": 0.002, ""quantile_hi"": 0.9, ""quantile_lo"": 0.1, ""stretch_z_min"": 0.5, ""trend_strength"": -0.001135, ""quantile_window"": 150}",WIN,0.00530873,2077.015,2026-03-05 22:00:00+03,2026-03-05 23:36:33.420504+03
17,5m,2026-03-02 10:40:29.297611+03,MOM,SELL,0.6332,1934.45,1939.5,1924.36,2,"Regime=MOM(rc=0.143,ar=0.133) | score_mom=-0.001046 vs +/-0.001038 | conf=0.63",0.5332,1,0.3333,0.142649,0.133291,0.551884,-0.001046,0.00260855,,,,,,
1,5m,2026-03-02 04:39:21.944911+03,MOM,BUY,0.5667,1984.22,1975.61,2001.45,1,"Regime=MOM(rc=0.255,ar=0.332) | score_mom=0.002177 vs +/-0.001002 | conf=0.57",1,0,0.3333,0.254678,0.332466,0.067195,0.002177,0.00433992,,LOSS,-0.00856564,1971.235,2026-03-02 04:40:00+03,2026-03-03 23:38:52.162104+03
20,15m,2026-03-02 18:01:49.658224+03,MOM,BUY,0.5903,1979.24,1968.48,2000.78,2,"Regime=MOM(rc=0.120,ar=0.112) | score_mom=0.001842 vs +/-0.001520 | conf=0.59",0.4473,1,0.3333,0.119545,0.11182,1.015431,0.001842,0.00544017,,WIN,0.03915984,2062.405,2026-03-02 18:30:00+03,2026-03-03 23:38:58.932798+03
21,15m,2026-03-02 18:02:50.44119+03,MOM,BUY,0.5903,1979.24,1968.48,2000.78,2,"Regime=MOM(rc=0.162,ar=0.112) | score_mom=0.001842 vs +/-0.001520 | conf=0.59",0.4473,1,0.3333,0.16172,0.11182,1.015431,0.001842,0.00544017,,WIN,0.03915984,2062.405,2026-03-02 18:30:00+03,2026-03-03 23:38:58.933684+03
22,15m,2026-03-02 18:03:51.280639+03,MOM,BUY,0.5903,1979.24,1968.48,2000.78,2,"Regime=MOM(rc=0.154,ar=0.112) | score_mom=0.001842 vs +/-0.001520 | conf=0.59",0.4473,1,0.3333,0.154452,0.11182,1.015431,0.001842,0.00544017,,WIN,0.03915984,2062.405,2026-03-02 18:30:00+03,2026-03-03 23:38:58.934494+03
23,15m,2026-03-02 18:04:52.601473+03,MOM,BUY,0.5903,1979.24,1968.48,2000.78,2,"Regime=MOM(rc=0.159,ar=0.112) | score_mom=0.001842 vs +/-0.001520 | conf=0.59",0.4473,1,0.3333,0.159204,0.11182,1.015431,0.001842,0.00544017,,WIN,0.03915984,2062.405,2026-03-02 18:30:00+03,2026-03-03 23:38:58.935393+03
24,15m,2026-03-02 18:05:53.780845+03,MOM,BUY,0.5903,1979.24,1968.48,2000.78,2,"Regime=MOM(rc=0.158,ar=0.112) | score_mom=0.001842 vs +/-0.001520 | conf=0.59",0.4473,1,0.3333,0.157501,0.11182,1.015431,0.001842,0.00544017,,WIN,0.03915984,2062.405,2026-03-02 18:30:00+03,2026-03-03 23:38:58.936171+03
25,15m,2026-03-02 18:06:54.567116+03,MOM,BUY,0.5903,1979.24,1968.48,2000.78,2,"Regime=MOM(rc=0.167,ar=0.112) | score_mom=0.001842 vs +/-0.001520 | conf=0.59",0.4473,1,0.3333,0.167415,0.11182,1.015431,0.001842,0.00544017,,WIN,0.03915984,2062.405,2026-03-02 18:30:00+03,2026-03-03 23:38:58.93693+03
26,15m,2026-03-02 18:07:54.393569+03,MOM,BUY,0.5903,1979.24,1968.48,2000.78,2,"Regime=MOM(rc=0.167,ar=0.112) | score_mom=0.001842 vs +/-0.001520 | conf=0.59",0.4473,1,0.3333,0.166744,0.11182,1.015431,0.001842,0.00544017,,WIN,0.03192858,2047.545,2026-03-02 18:45:00+03,2026-03-03 23:38:58.937432+03
27,15m,2026-03-02 18:08:55.126236+03,MOM,BUY,0.5903,1979.24,1968.48,2000.78,2,"Regime=MOM(rc=0.202,ar=0.112) | score_mom=0.001842 vs +/-0.001520 | conf=0.59",0.4473,1,0.3333,0.201644,0.11182,1.015431,0.001842,0.00544017,,WIN,0.03192858,2047.545,2026-03-02 18:45:00+03,2026-03-03 23:38:58.937894+03
28,15m,2026-03-02 18:09:54.380468+03,MOM,BUY,0.5903,1979.24,1968.48,2000.78,2,"Regime=MOM(rc=0.227,ar=0.112) | score_mom=0.001842 vs +/-0.001520 | conf=0.59",0.4473,1,0.3333,0.226881,0.11182,1.015431,0.001842,0.00544017,,WIN,0.03192858,2047.545,2026-03-02 18:45:00+03,2026-03-03 23:38:58.938467+03
29,15m,2026-03-02 18:10:56.209143+03,MOM,BUY,0.5903,1979.24,1968.48,2000.78,2,"Regime=MOM(rc=0.218,ar=0.112) | score_mom=0.001842 vs +/-0.001520 | conf=0.59",0.4473,1,0.3333,0.218332,0.11182,1.015431,0.001842,0.00544017,,WIN,0.03192858,2047.545,2026-03-02 18:45:00+03,2026-03-03 23:38:58.938938+03
30,15m,2026-03-02 18:11:58.236559+03,MOM,BUY,0.5903,1979.24,1968.48,2000.78,2,"Regime=MOM(rc=0.233,ar=0.112) | score_mom=0.001842 vs +/-0.001520 | conf=0.59",0.4473,1,0.3333,0.232549,0.11182,1.015431,0.001842,0.00544017,,WIN,0.03192858,2047.545,2026-03-02 18:45:00+03,2026-03-03 23:38:58.939421+03
159,5m,2026-03-04 11:08:53.986215+03,MR,SELL,0.6792,2015.67,2024.12,2008.64,2,"Regime=MR(rc=-0.201,ar=-0.051) | score_mr=1.966 vs [-1.155,1.691] | price_z=3.075(gate|z|>=1.00)✓ | conf=0.68",0.8051,0.6906,0.3475,-0.20127,-0.050727,1.965621,0.001321,0.00246759,"{""a_min"": 0.1, ""mom_k"": 1.5, ""r_min"": 0.15, ""price_z"": 3.0747, ""hold_bars"": 2, ""trend_min"": 0.002, ""quantile_hi"": 0.85, ""quantile_lo"": 0.15, ""stretch_z_min"": 1.0, ""trend_strength"": 0.005245, ""quantile_window"": 200}",WIN,0.00288124,2005.855,2026-03-04 11:15:00+03,2026-03-04 11:24:08.811039+03
163,15m,2026-03-04 14:20:18.519602+03,MR,SELL,0.6236,2075.82,2095.03,2059.81,2,"Regime=MR(rc=-0.119,ar=0.091) | score_mr=13.316 vs [-0.413,0.427] | price_z=1.837(gate|z|>=1.00)✓ | conf=0.62",0.4774,1,0.4243,-0.119357,0.091331,13.315811,0.001521,0.00545292,"{""a_min"": 0.1, ""mom_k"": 1.5, ""r_min"": 0.05, ""price_z"": 1.8372, ""hold_bars"": 2, ""trend_min"": 0.002, ""quantile_hi"": 0.85, ""quantile_lo"": 0.15, ""stretch_z_min"": 1.0, ""trend_strength"": 0.015506, ""quantile_window"": 300}",WIN,0.00808284,2054.995,2026-03-04 14:45:00+03,2026-03-04 15:06:04.668954+03
164,15m,2026-03-04 14:23:18.450167+03,MR,SELL,0.6237,2075.7,2094.91,2059.68,2,"Regime=MR(rc=-0.119,ar=0.091) | score_mr=7.057 vs [-0.413,0.427] | price_z=1.834(gate|z|>=1.00)✓ | conf=0.62",0.4778,1,0.4243,-0.119444,0.091297,7.057447,0.001515,0.00545428,"{""a_min"": 0.1, ""mom_k"": 1.5, ""r_min"": 0.05, ""price_z"": 1.8337, ""hold_bars"": 2, ""trend_min"": 0.002, ""quantile_hi"": 0.85, ""quantile_lo"": 0.15, ""stretch_z_min"": 1.0, ""trend_strength"": 0.015503, ""quantile_window"": 300}",WIN,0.00802503,2054.995,2026-03-04 14:45:00+03,2026-03-04 15:09:06.50071+03
170,30m,2026-03-05 02:22:21.095769+03,MR,SELL,0.6042,2125.43,2160.55,2096.17,3,"Regime=MR(rc=-0.120,ar=0.131) | score_mr=9.159 vs [-5.409,4.264] | price_z=1.026(gate|z|>=1.00)✓ | conf=0.60",0.4793,0.9468,0.4025,-0.119817,0.131016,9.158649,-0.000243,0.00794904,"{""a_min"": 0.1, ""mom_k"": 1.5, ""r_min"": 0.05, ""price_z"": 1.0256, ""hold_bars"": 3, ""trend_min"": 0.002, ""quantile_hi"": 0.95, ""quantile_lo"": 0.05, ""stretch_z_min"": 1.0, ""trend_strength"": 0.022874, ""quantile_window"": 200}",LOSS,-0.00397177,2129.625,2026-03-05 03:30:00+03,2026-03-05 04:23:14.367881+03
192,30m,2026-03-05 20:57:47.576238+03,MR,BUY,0.6016,2059.11,2034.34,2079.74,2,"Regime=MR(rc=-0.116,ar=-0.071) | score_mr=-24.475 vs [-3.497,3.128] | price_z=-1.118(gate|z|>=0.50)✓ | conf=0.60",0.4644,1,0.3469,-0.11609,-0.070651,-24.475449,-0.002206,0.00708685,"{""a_min"": 0.1, ""mom_k"": 1.5, ""r_min"": 0.1, ""price_z"": -1.1182, ""hold_bars"": 2, ""trend_min"": 0.002, ""quantile_hi"": 0.9, ""quantile_lo"": 0.1, ""stretch_z_min"": 0.5, ""trend_strength"": -0.001212, ""quantile_window"": 150}",WIN,0.00665792,2077.015,2026-03-05 22:00:00+03,2026-03-05 23:36:33.423539+03
50,5m,2026-03-03 09:25:25.664943+03,MR,SELL,0.7629,1993.51,2002.01,1986.42,2,"Regime=MR(rc=-0.375,ar=-0.034) | score_mr=0.877 vs [-0.702,0.638] | conf=0.76",1,0.654,0.3333,-0.375033,-0.034209,0.876838,-0.000425,0.00251472,"{""a_min"": 0.1, ""mom_k"": 1.5, ""r_min"": 0.1, ""hold_bars"": 2, ""quantile_hi"": 0.9, ""quantile_lo"": 0.1, ""quantile_window"": 200}",LOSS,-0.00194231,1993.395,2026-03-03 09:30:00+03,2026-03-03 23:38:52.191949+03
160,15m,2026-03-04 12:17:00.465239+03,MOM,BUY,0.5774,2072.95,2057.79,2103.28,2,"Regime=MOM(rc=-0.112,ar=0.141) | score_mom=0.003338 vs +/-0.001345 | trend_str=0.008817(gate>=0.002000)✓ | conf=0.58",0.5625,0.7412,0.3688,-0.112245,0.140635,-0.337592,0.003338,0.00517195,"{""a_min"": 0.1, ""mom_k"": 1.5, ""r_min"": 0.05, ""price_z"": 2.6788, ""hold_bars"": 2, ""trend_min"": 0.002, ""quantile_hi"": 0.85, ""quantile_lo"": 0.15, ""stretch_z_min"": 1.0, ""trend_strength"": 0.008817, ""quantile_window"": 150}",LOSS,-0.00090795,2075.215,2026-03-04 12:45:00+03,2026-03-04 13:06:16.731709+03
171,30m,2026-03-05 02:25:21.584513+03,MR,SELL,0.6223,2127.28,2162.31,2098.08,3,"Regime=MR(rc=-0.121,ar=0.127) | score_mr=17.211 vs [-5.409,4.264] | price_z=1.067(gate|z|>=1.00)✓ | conf=0.62",0.4836,1,0.4025,-0.1209,0.126574,17.210567,-0.000161,0.00792391,"{""a_min"": 0.1, ""mom_k"": 1.5, ""r_min"": 0.05, ""price_z"": 1.0675, ""hold_bars"": 3, ""trend_min"": 0.002, ""quantile_hi"": 0.95, ""quantile_lo"": 0.05, ""stretch_z_min"": 1.0, ""trend_strength"": 0.022902, ""quantile_window"": 200}",LOSS,-0.00310174,2129.625,2026-03-05 03:30:00+03,2026-03-05 04:26:16.489606+03
193,30m,2026-03-05 21:00:50.951394+03,MR,BUY,0.6007,2058.89,2034.12,2079.54,2,"Regime=MR(rc=-0.116,ar=-0.070) | score_mr=-23.236 vs [-3.497,3.128] | price_z=-1.123(gate|z|>=0.50)✓ | conf=0.60",0.4626,1,0.3469,-0.115649,-0.070344,-23.23567,-0.002215,0.00708989,"{""a_min"": 0.1, ""mom_k"": 1.5, ""r_min"": 0.1, ""price_z"": -1.1231, ""hold_bars"": 2, ""trend_min"": 0.002, ""quantile_hi"": 0.9, ""quantile_lo"": 0.1, ""stretch_z_min"": 0.5, ""trend_strength"": -0.001218, ""quantile_window"": 150}",WIN,0.00676476,2077.015,2026-03-05 22:00:00+03,2026-03-05 23:36:33.424297+03
195,30m,2026-03-05 21:06:54.329459+03,MR,BUY,0.6237,2062.59,2037.84,2083.22,2,"Regime=MR(rc=-0.127,ar=-0.076) | score_mr=-31.043 vs [-3.692,3.128] | price_z=-0.990(gate|z|>=0.50)✓ | conf=0.62",0.5085,1,0.3469,-0.127133,-0.07634,-31.043135,-0.001837,0.00707233,"{""a_min"": 0.1, ""mom_k"": 1.5, ""r_min"": 0.1, ""price_z"": -0.9899, ""hold_bars"": 2, ""trend_min"": 0.002, ""quantile_hi"": 0.9, ""quantile_lo"": 0.1, ""stretch_z_min"": 0.5, ""trend_strength"": -0.002241, ""quantile_window"": 150}",WIN,0.00496929,2077.015,2026-03-05 22:00:00+03,2026-03-05 23:36:33.426014+03
196,30m,2026-03-05 21:09:56.881565+03,MR,BUY,0.6431,2066.82,2041.85,2087.64,2,"Regime=MR(rc=-0.137,ar=-0.081) | score_mr=-12.173 vs [-3.692,3.128] | price_z=-0.893(gate|z|>=0.50)✓ | conf=0.64",0.5475,1,0.3469,-0.136863,-0.080933,-12.172728,-0.001642,0.00712053,"{""a_min"": 0.1, ""mom_k"": 1.5, ""r_min"": 0.1, ""price_z"": -0.8927, ""hold_bars"": 2, ""trend_min"": 0.002, ""quantile_hi"": 0.9, ""quantile_lo"": 0.1, ""stretch_z_min"": 0.5, ""trend_strength"": -0.002122, ""quantile_window"": 150}",WIN,0.00292057,2077.015,2026-03-05 22:00:00+03,2026-03-05 23:36:33.427369+03
161,15m,2026-03-04 13:32:43.020772+03,MR,SELL,0.7311,2079.49,2098.74,2063.44,2,"Regime=MR(rc=-0.179,ar=0.067) | score_mr=3.033 vs [-0.920,1.560] | price_z=2.204(gate|z|>=1.00)✓ | conf=0.73",0.7147,1,0.3688,-0.178681,0.066863,3.033399,0.00219,0.00545522,"{""a_min"": 0.1, ""mom_k"": 1.5, ""r_min"": 0.05, ""price_z"": 2.2039, ""hold_bars"": 2, ""trend_min"": 0.002, ""quantile_hi"": 0.85, ""quantile_lo"": 0.15, ""stretch_z_min"": 1.0, ""trend_strength"": 0.014594, ""quantile_window"": 150}",WIN,0.00014947,2075.025,2026-03-04 14:00:00+03,2026-03-04 14:19:51.643438+03
162,15m,2026-03-04 13:35:44.601889+03,MR,SELL,0.6278,2076.41,2095.81,2060.23,2,"Regime=MR(rc=-0.151,ar=0.071) | score_mr=2.088 vs [-0.920,1.560] | price_z=2.116(gate|z|>=1.00)✓ | conf=0.63",0.6028,0.8419,0.3688,-0.150709,0.071383,2.087786,0.002049,0.00550748,"{""a_min"": 0.1, ""mom_k"": 1.5, ""r_min"": 0.05, ""price_z"": 2.116, ""hold_bars"": 2, ""trend_min"": 0.002, ""quantile_hi"": 0.85, ""quantile_lo"": 0.15, ""stretch_z_min"": 1.0, ""trend_strength"": 0.014533, ""quantile_window"": 150}",LOSS,-0.00133276,2075.025,2026-03-04 14:00:00+03,2026-03-04 14:21:18.322427+03
166,15m,2026-03-04 14:34:33.549163+03,MR,SELL,0.5673,2069.47,2088.33,2053.76,2,"Regime=MR(rc=-0.091,ar=0.098) | score_mr=4.752 vs [-0.442,0.427] | price_z=1.590(gate|z|>=1.00)✓ | conf=0.57",0.3648,1,0.4243,-0.091203,0.098399,4.752222,0.00112,0.00536884,"{""a_min"": 0.1, ""mom_k"": 1.5, ""r_min"": 0.05, ""price_z"": 1.5901, ""hold_bars"": 2, ""trend_min"": 0.002, ""quantile_hi"": 0.85, ""quantile_lo"": 0.15, ""stretch_z_min"": 1.0, ""trend_strength"": 0.015377, ""quantile_window"": 300}",WIN,0.00704063,2050.845,2026-03-04 15:00:00+03,2026-03-04 15:20:53.814992+03
173,30m,2026-03-05 02:31:25.564044+03,MR,SELL,0.6205,2125.74,2160.85,2096.49,3,"Regime=MR(rc=-0.120,ar=0.130) | score_mr=27.039 vs [-5.409,4.264] | price_z=1.033(gate|z|>=1.00)✓ | conf=0.62",0.48,1,0.4025,-0.120002,0.130271,27.039463,-0.000229,0.00794448,"{""a_min"": 0.1, ""mom_k"": 1.5, ""r_min"": 0.05, ""price_z"": 1.0326, ""hold_bars"": 3, ""trend_min"": 0.002, ""quantile_hi"": 0.95, ""quantile_lo"": 0.05, ""stretch_z_min"": 1.0, ""trend_strength"": 0.022879, ""quantile_window"": 200}",LOSS,-0.00329988,2128.505,2026-03-05 04:00:00+03,2026-03-05 04:32:21.322083+03
194,30m,2026-03-05 21:03:52.646944+03,MR,BUY,0.6169,2061.18,2036.47,2081.76,2,"Regime=MR(rc=-0.124,ar=-0.075) | score_mr=-66.079 vs [-3.692,3.128] | price_z=-1.022(gate|z|>=0.50)✓ | conf=0.62",0.4951,1,0.3469,-0.123776,-0.074746,-66.078934,-0.001903,0.00706274,"{""a_min"": 0.1, ""mom_k"": 1.5, ""r_min"": 0.1, ""price_z"": -1.0224, ""hold_bars"": 2, ""trend_min"": 0.002, ""quantile_hi"": 0.9, ""quantile_lo"": 0.1, ""stretch_z_min"": 0.5, ""trend_strength"": -0.002281, ""quantile_window"": 150}",WIN,0.00565313,2077.015,2026-03-05 22:00:00+03,2026-03-05 23:36:33.424964+03
60,15m,2026-03-03 11:51:28.077701+03,MR,SELL,0.6832,1985.9,1995.73,1977.72,2,"Regime=MR(rc=-0.158,ar=-0.134) | score_mr=0.398 vs [0.000,0.004] | conf=0.68",0.633,1,0.3333,-0.158248,-0.133649,0.398169,-0.000837,0.00291417,"{""a_min"": 0.1, ""mom_k"": 1.5, ""r_min"": 0.1, ""hold_bars"": 2, ""quantile_hi"": 0.9, ""quantile_lo"": 0.1, ""quantile_window"": 200}",WIN,0.01571734,1951.025,2026-03-03 12:15:00+03,2026-03-03 23:38:58.939901+03
62,15m,2026-03-03 11:52:34.071441+03,MR,BUY,0.6655,1963.26,1950.64,1973.77,2,"Regime=MR(rc=-0.149,ar=-0.019) | score_mr=-1.354 vs [0.000,0.004] | conf=0.67",0.5976,1,0.3333,-0.149409,-0.018739,-1.354116,-0.00185,0.00378549,"{""a_min"": 0.1, ""mom_k"": 1.5, ""r_min"": 0.1, ""hold_bars"": 2, ""quantile_hi"": 0.9, ""quantile_lo"": 0.1, ""quantile_window"": 200}",LOSS,-0.00825148,1951.025,2026-03-03 12:15:00+03,2026-03-03 23:38:58.940357+03
64,15m,2026-03-03 11:55:37.229332+03,MR,BUY,0.669,1963.26,1950.64,1973.77,2,"Regime=MR(rc=-0.151,ar=-0.019) | score_mr=-1.354 vs [0.000,0.004] | conf=0.67",0.6046,1,0.3333,-0.151144,-0.018739,-1.354116,-0.00185,0.00378549,"{""a_min"": 0.1, ""mom_k"": 1.5, ""r_min"": 0.1, ""hold_bars"": 2, ""quantile_hi"": 0.9, ""quantile_lo"": 0.1, ""quantile_window"": 200}",LOSS,-0.00825148,1951.025,2026-03-03 12:15:00+03,2026-03-03 23:38:58.940807+03
65,15m,2026-03-03 11:58:40.805781+03,MR,BUY,0.6624,1963.26,1950.64,1973.77,2,"Regime=MR(rc=-0.148,ar=-0.019) | score_mr=-1.354 vs [0.000,0.004] | conf=0.66",0.5914,1,0.3333,-0.147846,-0.018739,-1.354116,-0.00185,0.00378549,"{""a_min"": 0.1, ""mom_k"": 1.5, ""r_min"": 0.1, ""hold_bars"": 2, ""quantile_hi"": 0.9, ""quantile_lo"": 0.1, ""quantile_window"": 200}",LOSS,-0.00825148,1951.025,2026-03-03 12:15:00+03,2026-03-03 23:38:58.941251+03
67,15m,2026-03-03 12:01:42.841754+03,MR,BUY,0.6656,1952.66,1939.84,1963.35,2,"Regime=MR(rc=-0.149,ar=0.069) | score_mr=-0.995 vs [0.000,0.004] | conf=0.67",0.5978,1,0.3333,-0.149454,0.069461,-0.994831,-0.002189,0.00386977,"{""a_min"": 0.1, ""mom_k"": 1.5, ""r_min"": 0.1, ""hold_bars"": 2, ""quantile_hi"": 0.9, ""quantile_lo"": 0.1, ""quantile_window"": 200}",LOSS,-0.00435084,1948.075,2026-03-03 12:45:00+03,2026-03-03 23:38:58.941687+03
69,15m,2026-03-03 12:05:03.548156+03,MR,BUY,0.667,1952.66,1939.84,1963.35,2,"Regime=MR(rc=-0.150,ar=0.069) | score_mr=-0.995 vs [0.000,0.004] | conf=0.67",0.6006,1,0.3333,-0.150144,0.069461,-0.994831,-0.002189,0.00386977,"{""a_min"": 0.1, ""mom_k"": 1.5, ""r_min"": 0.1, ""hold_bars"": 2, ""quantile_hi"": 0.9, ""quantile_lo"": 0.1, ""quantile_window"": 200}",LOSS,-0.00435084,1948.075,2026-03-03 12:45:00+03,2026-03-03 23:38:58.94212+03
70,15m,2026-03-03 12:08:05.930879+03,MR,BUY,0.6675,1952.66,1939.84,1963.35,2,"Regime=MR(rc=-0.150,ar=0.069) | score_mr=-0.995 vs [0.000,0.004] | conf=0.67",0.6017,1,0.3333,-0.150433,0.069461,-0.994831,-0.002189,0.00386977,"{""a_min"": 0.1, ""mom_k"": 1.5, ""r_min"": 0.1, ""hold_bars"": 2, ""quantile_hi"": 0.9, ""quantile_lo"": 0.1, ""quantile_window"": 200}",LOSS,-0.00435084,1948.075,2026-03-03 12:45:00+03,2026-03-03 23:38:58.942546+03
72,15m,2026-03-03 12:11:13.293727+03,MR,BUY,0.6654,1952.66,1939.84,1963.35,2,"Regime=MR(rc=-0.149,ar=0.069) | score_mr=-0.995 vs [0.000,0.004] | conf=0.67",0.5975,1,0.3333,-0.149378,0.069461,-0.994831,-0.002189,0.00386977,"{""a_min"": 0.1, ""mom_k"": 1.5, ""r_min"": 0.1, ""hold_bars"": 2, ""quantile_hi"": 0.9, ""quantile_lo"": 0.1, ""quantile_window"": 200}",LOSS,-0.00435084,1948.075,2026-03-03 12:45:00+03,2026-03-03 23:38:58.942977+03
75,15m,2026-03-03 12:26:24.812998+03,MR,SELL,0.6841,1965.53,1979.76,1953.66,2,"Regime=MR(rc=-0.159,ar=0.009) | score_mr=1.706 vs [0.000,0.042] | conf=0.68",0.6349,1,0.3333,-0.158721,0.009298,1.705772,-0.001355,0.00426774,"{""a_min"": 0.1, ""mom_k"": 1.5, ""r_min"": 0.1, ""hold_bars"": 2, ""quantile_hi"": 0.9, ""quantile_lo"": 0.1, ""quantile_window"": 200}",WIN,0.00692022,1948.075,2026-03-03 12:45:00+03,2026-03-03 23:38:58.943838+03
165,15m,2026-03-04 14:31:24.824719+03,MR,SELL,0.5538,2068.76,2087.63,2053.04,2,"Regime=MR(rc=-0.084,ar=0.100) | score_mr=6.034 vs [-0.442,0.427] | price_z=1.570(gate|z|>=1.00)✓ | conf=0.55",0.338,1,0.4243,-0.084488,0.099781,6.033833,0.001087,0.00537359,"{""a_min"": 0.1, ""mom_k"": 1.5, ""r_min"": 0.05, ""price_z"": 1.57, ""hold_bars"": 2, ""trend_min"": 0.002, ""quantile_hi"": 0.85, ""quantile_lo"": 0.15, ""stretch_z_min"": 1.0, ""trend_strength"": 0.015363, ""quantile_window"": 300}",WIN,0.00669749,2050.845,2026-03-04 15:00:00+03,2026-03-04 15:20:53.813067+03
174,1m,2026-03-05 10:53:38.648288+03,MOM,SELL,0.694,2101.64,2103.91,2097.12,1,"Regime=MOM(rc=nan,ar=0.288) | score_mom=-0.000753 vs +/-0.000367 | trend_str=-0.002047(gate>=0.002000)✓ | conf=0.69",1,0.5247,0.1829,NaN,0.287651,0,-0.000753,0.00107568,"{""a_min"": 0.1, ""mom_k"": 2.0, ""r_min"": 0.05, ""price_z"": -3.3736, ""hold_bars"": 1, ""trend_min"": 0.002, ""quantile_hi"": 0.85, ""quantile_lo"": 0.15, ""stretch_z_min"": 1.0, ""trend_strength"": -0.002047, ""quantile_window"": 300}",WIN,0.0001554,2097.115,2026-03-05 10:54:00+03,2026-03-05 10:56:41.288864+03
188,30m,2026-03-05 20:31:26.750619+03,MR,BUY,0.642,2069.61,2043.92,2091.03,2,"Regime=MR(rc=-0.136,ar=-0.084) | score_mr=-17.535 vs [-3.428,3.128] | price_z=-0.915(gate|z|>=0.50)✓ | conf=0.64",0.5453,1,0.3469,-0.136318,-0.084017,-17.535175,-0.001902,0.00731644,"{""a_min"": 0.1, ""mom_k"": 1.5, ""r_min"": 0.1, ""price_z"": -0.915, ""hold_bars"": 2, ""trend_min"": 0.002, ""quantile_hi"": 0.9, ""quantile_lo"": 0.1, ""stretch_z_min"": 0.5, ""trend_strength"": 0.000109, ""quantile_window"": 150}",WIN,0.00212992,2078.175,2026-03-05 21:30:00+03,2026-03-05 23:36:33.41737+03
191,30m,2026-03-05 20:53:42.032634+03,MR,BUY,0.6229,2064.26,2039.62,2084.8,2,"Regime=MR(rc=-0.127,ar=-0.078) | score_mr=-25.955 vs [-3.497,3.128] | price_z=-0.999(gate|z|>=0.50)✓ | conf=0.62",0.5069,1,0.3469,-0.126736,-0.078105,-25.955439,-0.001967,0.00703488,"{""a_min"": 0.1, ""mom_k"": 1.5, ""r_min"": 0.1, ""price_z"": -0.9994, ""hold_bars"": 2, ""trend_min"": 0.002, ""quantile_hi"": 0.9, ""quantile_lo"": 0.1, ""stretch_z_min"": 0.5, ""trend_strength"": -0.001069, ""quantile_window"": 150}",WIN,0.00415996,2077.015,2026-03-05 22:00:00+03,2026-03-05 23:36:33.422169+03
71,5m,2026-03-03 12:11:13.177982+03,MR,SELL,0.6668,1966.26,1977.32,1957.03,2,"Regime=MR(rc=-0.150,ar=0.354) | score_mr=2.365 vs [-1.095,1.126] | conf=0.67",0.6002,1,0.3333,-0.150047,0.354076,2.364507,-0.000847,0.00331589,"{""a_min"": 0.1, ""mom_k"": 1.5, ""r_min"": 0.1, ""hold_bars"": 2, ""quantile_hi"": 0.9, ""quantile_lo"": 0.1, ""quantile_window"": 200}",WIN,0.00577839,1951.025,2026-03-03 12:25:00+03,2026-03-03 23:38:52.200771+03
73,5m,2026-03-03 12:14:14.870622+03,MR,SELL,0.6773,1966.26,1977.32,1957.03,2,"Regime=MR(rc=-0.155,ar=0.354) | score_mr=2.365 vs [-1.095,1.126] | conf=0.68",0.6213,1,0.3333,-0.155318,0.354076,2.364507,-0.000847,0.00331589,"{""a_min"": 0.1, ""mom_k"": 1.5, ""r_min"": 0.1, ""hold_bars"": 2, ""quantile_hi"": 0.9, ""quantile_lo"": 0.1, ""quantile_window"": 200}",WIN,0.00577839,1951.025,2026-03-03 12:25:00+03,2026-03-03 23:38:52.201333+03
85,5m,2026-03-03 14:05:47.448309+03,MR,SELL,0.6754,1952.06,1964.9,1941.35,2,"Regime=MR(rc=-0.171,ar=0.295) | score_mr=2.266 vs [-1.095,1.463] | conf=0.68",0.6859,0.886,0.3333,-0.171476,0.294657,2.266289,-0.000766,0.00387757,"{""a_min"": 0.1, ""mom_k"": 1.5, ""r_min"": 0.1, ""hold_bars"": 2, ""quantile_hi"": 0.9, ""quantile_lo"": 0.1, ""quantile_window"": 200}",LOSS,-0.00251983,1953.075,2026-03-03 14:15:00+03,2026-03-03 23:38:52.20347+03
102,5m,2026-03-03 15:24:37.037376+03,MR,SELL,0.6109,1970.53,1980.27,1962.41,2,"Regime=MR(rc=-0.153,ar=0.257) | score_mr=2.383 vs [-1.095,1.914] | conf=0.61",0.6133,0.7919,0.3333,-0.153319,0.256935,2.383201,0.000394,0.00291281,"{""a_min"": 0.1, ""mom_k"": 1.5, ""r_min"": 0.1, ""hold_bars"": 2, ""quantile_hi"": 0.9, ""quantile_lo"": 0.1, ""quantile_window"": 200}",LOSS,-0.00144416,1969.435,2026-03-03 15:35:00+03,2026-03-03 23:38:52.204718+03
106,5m,2026-03-03 15:30:52.154563+03,MR,SELL,0.6114,1973.95,1981.07,1968.03,2,"Regime=MR(rc=-0.141,ar=0.270) | score_mr=2.636 vs [-1.095,1.920] | conf=0.61",0.565,0.8742,0.3333,-0.141247,0.269641,2.635702,0.000522,0.00212311,"{""a_min"": 0.1, ""mom_k"": 1.5, ""r_min"": 0.1, ""hold_bars"": 2, ""quantile_hi"": 0.9, ""quantile_lo"": 0.1, ""quantile_window"": 200}",WIN,0.00135678,1967.335,2026-03-03 15:40:00+03,2026-03-03 23:38:52.206666+03
88,15m,2026-03-03 14:08:50.874989+03,MR,SELL,0.6651,1952.06,1967.06,1939.55,2,"Regime=MR(rc=-0.149,ar=0.014) | score_mr=1.536 vs [0.000,0.331] | conf=0.67",0.5968,1,0.3333,-0.149208,0.014191,1.536104,-0.001361,0.00452854,"{""a_min"": 0.1, ""mom_k"": 1.5, ""r_min"": 0.1, ""hold_bars"": 2, ""quantile_hi"": 0.9, ""quantile_lo"": 0.1, ""quantile_window"": 200}",LOSS,-0.00655657,1960.975,2026-03-03 14:45:00+03,2026-03-03 23:38:58.948999+03
91,15m,2026-03-03 14:18:00.9773+03,MR,SELL,0.6606,1958.61,1973.4,1946.27,2,"Regime=MR(rc=-0.147,ar=0.038) | score_mr=1.894 vs [0.000,0.362] | conf=0.66",0.5878,1,0.3333,-0.146956,0.03794,1.894391,-0.000913,0.00445149,"{""a_min"": 0.1, ""mom_k"": 1.5, ""r_min"": 0.1, ""hold_bars"": 2, ""quantile_hi"": 0.9, ""quantile_lo"": 0.1, ""quantile_window"": 200}",LOSS,-0.00320676,1960.975,2026-03-03 14:45:00+03,2026-03-03 23:38:58.950743+03
95,15m,2026-03-03 14:30:33.919229+03,MR,SELL,0.6621,1958.61,1973.4,1946.27,2,"Regime=MR(rc=-0.148,ar=0.038) | score_mr=1.894 vs [0.000,0.362] | conf=0.66",0.5909,1,0.3333,-0.147717,0.03794,1.894391,-0.000913,0.00445149,"{""a_min"": 0.1, ""mom_k"": 1.5, ""r_min"": 0.1, ""hold_bars"": 2, ""quantile_hi"": 0.9, ""quantile_lo"": 0.1, ""quantile_window"": 200}",LOSS,-0.00806497,1970.525,2026-03-03 15:00:00+03,2026-03-03 23:38:58.952522+03
98,15m,2026-03-03 14:39:48.935553+03,MR,SELL,0.6603,1957.76,1972.37,1945.58,2,"Regime=MR(rc=-0.147,ar=0.034) | score_mr=1.018 vs [0.000,0.428] | conf=0.66",0.5873,1,0.3333,-0.146826,0.033681,1.01816,-0.000867,0.00439798,"{""a_min"": 0.1, ""mom_k"": 1.5, ""r_min"": 0.1, ""hold_bars"": 2, ""quantile_hi"": 0.9, ""quantile_lo"": 0.1, ""quantile_window"": 200}",LOSS,-0.01058767,1974.645,2026-03-03 15:15:00+03,2026-03-03 23:38:58.953923+03
101,15m,2026-03-03 15:02:11.094066+03,MR,SELL,0.6596,1960.97,1974.44,1949.75,2,"Regime=MR(rc=-0.146,ar=0.022) | score_mr=0.721 vs [0.000,0.695] | conf=0.66",0.5858,1,0.3333,-0.146458,0.022493,0.721103,-0.000582,0.0040461,"{""a_min"": 0.1, ""mom_k"": 1.5, ""r_min"": 0.1, ""hold_bars"": 2, ""quantile_hi"": 0.9, ""quantile_lo"": 0.1, ""quantile_window"": 200}",LOSS,-0.00524059,1967.335,2026-03-03 15:30:00+03,2026-03-03 23:38:58.955244+03
167,15m,2026-03-04 18:29:47.768132+03,MOM,BUY,0.5534,2121.86,2107.09,2151.39,2,"Regime=MOM(rc=0.147,ar=0.184) | score_mom=0.002685 vs +/-0.001624 | trend_str=0.013334(gate>=0.002000)✓ | conf=0.55",0.7341,0.3265,0.4422,0.146882,0.183523,-1.685086,0.002685,0.00492179,"{""a_min"": 0.1, ""mom_k"": 1.5, ""r_min"": 0.1, ""price_z"": 2.3733, ""hold_bars"": 2, ""trend_min"": 0.002, ""quantile_hi"": 0.85, ""quantile_lo"": 0.15, ""stretch_z_min"": 1.0, ""trend_strength"": 0.013334, ""quantile_window"": 150}",WIN,0.01159562,2150.905,2026-03-04 18:45:00+03,2026-03-04 19:15:36.5509+03
176,5m,2026-03-05 16:33:55.706517+03,MR,BUY,0.5829,2114.24,2105.17,2121.81,3,"Regime=MR(rc=-0.206,ar=-0.020) | score_mr=-0.878 vs [-0.846,1.775] | price_z=-1.598(gate|z|>=1.00)✓ | conf=0.58",0.8247,0.3349,0.3506,-0.206164,-0.020019,-0.878048,-0.000806,0.0020662,"{""a_min"": 0.1, ""mom_k"": 1.5, ""r_min"": 0.15, ""price_z"": -1.5982, ""hold_bars"": 3, ""trend_min"": 0.002, ""quantile_hi"": 0.85, ""quantile_lo"": 0.15, ""stretch_z_min"": 1.0, ""trend_strength"": -0.000915, ""quantile_window"": 200}",WIN,0.00363859,2126.195,2026-03-05 16:45:00+03,2026-03-05 16:54:11.354473+03
76,5m,2026-03-03 12:46:07.919346+03,MR,SELL,0.7769,1967.63,1978.74,1958.38,2,"Regime=MR(rc=-0.205,ar=0.335) | score_mr=3.425 vs [-1.095,1.282] | conf=0.78",0.8204,1,0.3333,-0.205104,0.335496,3.425314,-0.000623,0.00332696,"{""a_min"": 0.1, ""mom_k"": 1.5, ""r_min"": 0.1, ""hold_bars"": 2, ""quantile_hi"": 0.9, ""quantile_lo"": 0.1, ""quantile_window"": 200}",WIN,0.00798807,1948.075,2026-03-03 12:50:00+03,2026-03-03 23:38:52.201858+03
78,5m,2026-03-03 12:49:12.032546+03,MR,SELL,0.7279,1951.03,1963.45,1940.67,2,"Regime=MR(rc=-0.206,ar=0.303) | score_mr=2.109 vs [-1.095,1.436] | conf=0.73",0.8224,0.8333,0.3333,-0.205611,0.303442,2.108971,-0.001371,0.00375171,"{""a_min"": 0.1, ""mom_k"": 1.5, ""r_min"": 0.1, ""hold_bars"": 2, ""quantile_hi"": 0.9, ""quantile_lo"": 0.1, ""quantile_window"": 200}",LOSS,-0.00048427,1948.075,2026-03-03 12:50:00+03,2026-03-03 23:38:52.202401+03
74,15m,2026-03-03 12:14:14.986079+03,MR,BUY,0.6663,1952.66,1939.84,1963.35,2,"Regime=MR(rc=-0.150,ar=0.069) | score_mr=-0.995 vs [0.000,0.004] | conf=0.67",0.5992,1,0.3333,-0.149798,0.069461,-0.994831,-0.002189,0.00386977,"{""a_min"": 0.1, ""mom_k"": 1.5, ""r_min"": 0.1, ""hold_bars"": 2, ""quantile_hi"": 0.9, ""quantile_lo"": 0.1, ""quantile_window"": 200}",LOSS,-0.00435084,1948.075,2026-03-03 12:45:00+03,2026-03-03 23:38:58.943407+03
77,15m,2026-03-03 12:48:12.214668+03,MR,SELL,0.6579,1951.03,1965.87,1938.66,2,"Regime=MR(rc=-0.146,ar=-0.021) | score_mr=4.719 vs [0.000,0.104] | conf=0.66",0.5825,1,0.3333,-0.145632,-0.020752,4.719202,-0.001931,0.0044832,"{""a_min"": 0.1, ""mom_k"": 1.5, ""r_min"": 0.1, ""hold_bars"": 2, ""quantile_hi"": 0.9, ""quantile_lo"": 0.1, ""quantile_window"": 200}",LOSS,-0.00130525,1949.675,2026-03-03 13:15:00+03,2026-03-03 23:38:58.944268+03
168,30m,2026-03-05 00:42:44.742912+03,MR,SELL,0.6166,2153.95,2187.73,2125.81,3,"Regime=MR(rc=-0.119,ar=0.132) | score_mr=51.608 vs [-3.496,4.264] | price_z=1.879(gate|z|>=1.00)✓ | conf=0.62",0.4773,1,0.3897,-0.119332,0.132109,51.607806,0.001266,0.00754375,"{""a_min"": 0.1, ""mom_k"": 1.5, ""r_min"": 0.05, ""price_z"": 1.8793, ""hold_bars"": 3, ""trend_min"": 0.002, ""quantile_hi"": 0.95, ""quantile_lo"": 0.05, ""stretch_z_min"": 1.0, ""trend_strength"": 0.024897, ""quantile_window"": 200}",WIN,0.01118104,2125.745,2026-03-05 02:00:00+03,2026-03-05 02:43:34.835235+03
177,5m,2026-03-05 16:41:02.477184+03,MR,BUY,0.7893,2112.91,2103.82,2120.49,3,"Regime=MR(rc=-0.210,ar=-0.014) | score_mr=-228.683 vs [-0.925,1.775] | price_z=-1.640(gate|z|>=1.00)✓ | conf=0.79",0.8384,1,0.3506,-0.209588,-0.013797,-228.682514,-0.000788,0.00207011,"{""a_min"": 0.1, ""mom_k"": 1.5, ""r_min"": 0.15, ""price_z"": -1.64, ""hold_bars"": 3, ""trend_min"": 0.002, ""quantile_hi"": 0.85, ""quantile_lo"": 0.15, ""stretch_z_min"": 1.0, ""trend_strength"": -0.001353, ""quantile_window"": 200}",WIN,0.00042735,2118.045,2026-03-05 16:55:00+03,2026-03-05 17:01:21.803845+03
178,5m,2026-03-05 17:01:21.75713+03,MR,BUY,0.769,2117.78,2107.76,2126.14,3,"Regime=MR(rc=-0.199,ar=0.034) | score_mr=-5.988 vs [-0.952,2.193] | price_z=-1.045(gate|z|>=1.00)✓ | conf=0.77",0.7978,1,0.3506,-0.199439,0.034403,-5.987689,-0.000392,0.0022772,"{""a_min"": 0.1, ""mom_k"": 1.5, ""r_min"": 0.15, ""price_z"": -1.0446, ""hold_bars"": 3, ""trend_min"": 0.002, ""quantile_hi"": 0.85, ""quantile_lo"": 0.15, ""stretch_z_min"": 1.0, ""trend_strength"": -0.001914, ""quantile_window"": 200}",LOSS,-0.00256443,2116.585,2026-03-05 17:15:00+03,2026-03-05 17:21:37.601641+03
179,5m,2026-03-05 17:41:58.689563+03,MR,BUY,0.7553,2104.78,2091.77,2115.61,3,"Regime=MR(rc=-0.206,ar=-0.227) | score_mr=-2.355 vs [-0.925,1.668] | price_z=-1.831(gate|z|>=1.00)✓ | conf=0.76",0.8235,0.9083,0.3553,-0.205886,-0.22732,-2.354592,-0.000761,0.00297301,"{""a_min"": 0.1, ""mom_k"": 1.5, ""r_min"": 0.15, ""price_z"": -1.8307, ""hold_bars"": 3, ""trend_min"": 0.002, ""quantile_hi"": 0.85, ""quantile_lo"": 0.15, ""stretch_z_min"": 1.0, ""trend_strength"": -0.002829, ""quantile_window"": 200}",WIN,0.00497634,2119.515,2026-03-05 17:55:00+03,2026-03-05 18:02:16.552552+03
79,15m,2026-03-03 12:51:14.371846+03,MR,SELL,0.6575,1951.03,1965.87,1938.66,2,"Regime=MR(rc=-0.145,ar=-0.021) | score_mr=4.719 vs [0.000,0.104] | conf=0.66",0.5816,1,0.3333,-0.145398,-0.020752,4.719202,-0.001931,0.0044832,"{""a_min"": 0.1, ""mom_k"": 1.5, ""r_min"": 0.1, ""hold_bars"": 2, ""quantile_hi"": 0.9, ""quantile_lo"": 0.1, ""quantile_window"": 200}",LOSS,-0.00130525,1949.675,2026-03-03 13:15:00+03,2026-03-03 23:38:58.944698+03
180,5m,2026-03-05 17:47:03.244589+03,MR,BUY,0.7827,2099.6,2086.48,2110.53,3,"Regime=MR(rc=-0.206,ar=-0.097) | score_mr=-2.660 vs [-0.925,1.668] | price_z=-2.155(gate|z|>=1.00)✓ | conf=0.78",0.8232,1,0.3553,-0.205791,-0.096572,-2.660205,-0.000906,0.00300569,"{""a_min"": 0.1, ""mom_k"": 1.5, ""r_min"": 0.15, ""price_z"": -2.1546, ""hold_bars"": 3, ""trend_min"": 0.002, ""quantile_hi"": 0.85, ""quantile_lo"": 0.15, ""stretch_z_min"": 1.0, ""trend_strength"": -0.003366, ""quantile_window"": 200}",WIN,0.00062562,2105.12,2026-03-05 18:00:00+03,2026-03-05 18:07:25.079028+03
107,15m,2026-03-03 15:30:52.208078+03,MR,SELL,0.6576,1970.53,1984.7,1958.71,2,"Regime=MR(rc=-0.145,ar=0.017) | score_mr=1.861 vs [0.000,0.722] | conf=0.66",0.5818,1,0.3333,-0.145446,0.016673,1.861082,-6.4e-05,0.00424001,"{""a_min"": 0.1, ""mom_k"": 1.5, ""r_min"": 0.1, ""hold_bars"": 2, ""quantile_hi"": 0.9, ""quantile_lo"": 0.1, ""quantile_window"": 200}",WIN,0.00852189,1949.905,2026-03-03 16:00:00+03,2026-03-03 23:38:58.956956+03
108,15m,2026-03-03 15:33:55.184384+03,MR,SELL,0.6507,1974.64,1988.99,1962.69,2,"Regime=MR(rc=-0.142,ar=0.033) | score_mr=2.966 vs [0.000,0.752] | conf=0.65",0.5681,1,0.3333,-0.142033,0.033063,2.965637,0.000141,0.00428146,"{""a_min"": 0.1, ""mom_k"": 1.5, ""r_min"": 0.1, ""hold_bars"": 2, ""quantile_hi"": 0.9, ""quantile_lo"": 0.1, ""quantile_window"": 200}",WIN,0.01060545,1949.905,2026-03-03 16:00:00+03,2026-03-03 23:38:58.957689+03
109,15m,2026-03-03 15:36:56.712447+03,MR,SELL,0.6506,1974.64,1988.99,1962.69,2,"Regime=MR(rc=-0.142,ar=0.033) | score_mr=2.966 vs [0.000,0.752] | conf=0.65",0.5679,1,0.3333,-0.141974,0.033063,2.965637,0.000141,0.00428146,"{""a_min"": 0.1, ""mom_k"": 1.5, ""r_min"": 0.1, ""hold_bars"": 2, ""quantile_hi"": 0.9, ""quantile_lo"": 0.1, ""quantile_window"": 200}",WIN,0.01060545,1949.905,2026-03-03 16:00:00+03,2026-03-03 23:38:58.958305+03
181,5m,2026-03-05 18:25:49.103433+03,MR,BUY,0.5677,2083.47,2067.24,2097,3,"Regime=MR(rc=-0.176,ar=0.031) | score_mr=-1.069 vs [-0.674,1.559] | price_z=-2.810(gate|z|>=1.00)✓ | conf=0.57",0.706,0.479,0.3553,-0.176492,0.030753,-1.069349,-0.001173,0.00374796,"{""a_min"": 0.1, ""mom_k"": 1.5, ""r_min"": 0.15, ""price_z"": -2.8096, ""hold_bars"": 3, ""trend_min"": 0.002, ""quantile_hi"": 0.85, ""quantile_lo"": 0.15, ""stretch_z_min"": 1.0, ""trend_strength"": -0.005438, ""quantile_window"": 200}",LOSS,-0.00307811,2081.225,2026-03-05 18:40:00+03,2026-03-05 18:46:15.009852+03
182,5m,2026-03-05 18:31:54.22232+03,MR,BUY,0.722,2071.53,2055.68,2084.73,3,"Regime=MR(rc=-0.175,ar=0.047) | score_mr=-3.044 vs [-0.674,1.559] | price_z=-3.354(gate|z|>=1.00)✓ | conf=0.72",0.7019,1,0.3553,-0.175477,0.047321,-3.043549,-0.001459,0.00368034,"{""a_min"": 0.1, ""mom_k"": 1.5, ""r_min"": 0.15, ""price_z"": -3.3537, ""hold_bars"": 3, ""trend_min"": 0.002, ""quantile_hi"": 0.85, ""quantile_lo"": 0.15, ""stretch_z_min"": 1.0, ""trend_strength"": -0.006815, ""quantile_window"": 200}",WIN,0.00265478,2081.195,2026-03-05 18:45:00+03,2026-03-05 18:52:19.909128+03
127,15m,2026-03-03 19:41:12.694387+03,MR,SELL,0.7774,2006.29,2025.9,1989.94,2,"Regime=MR(rc=-0.205,ar=0.098) | score_mr=4.093 vs [-0.361,0.993] | conf=0.78",0.8215,1,0.3333,-0.205386,0.097935,4.092898,0.002136,0.0057611,"{""a_min"": 0.1, ""mom_k"": 1.5, ""r_min"": 0.1, ""hold_bars"": 2, ""quantile_hi"": 0.9, ""quantile_lo"": 0.1, ""quantile_window"": 200}",WIN,0.01292676,1976.565,2026-03-03 20:15:00+03,2026-03-03 23:38:58.965371+03
128,15m,2026-03-03 19:44:14.092083+03,MR,SELL,0.8385,2006.29,2025.9,1989.94,2,"Regime=MR(rc=-0.236,ar=0.098) | score_mr=4.093 vs [-0.361,0.993] | conf=0.84",0.9437,1,0.3333,-0.235931,0.097935,4.092898,0.002136,0.0057611,"{""a_min"": 0.1, ""mom_k"": 1.5, ""r_min"": 0.1, ""hold_bars"": 2, ""quantile_hi"": 0.9, ""quantile_lo"": 0.1, ""quantile_window"": 200}",WIN,0.01292676,1976.565,2026-03-03 20:15:00+03,2026-03-03 23:38:58.965896+03
129,15m,2026-03-03 20:05:02.672195+03,MR,BUY,0.7826,1984.24,1954.18,2009.3,3,"Regime=MR(rc=-0.205,ar=-0.083) | score_mr=-0.609 vs [-0.014,0.330] | conf=0.78",0.8194,1,0.3644,-0.204857,-0.083068,-0.608984,0.000859,0.00728958,"{""a_min"": 0.1, ""mom_k"": 1.5, ""r_min"": 0.1, ""hold_bars"": 3, ""quantile_hi"": 0.85, ""quantile_lo"": 0.15, ""quantile_window"": 200}",LOSS,-0.00372254,1980.825,2026-03-03 20:45:00+03,2026-03-03 23:38:58.966488+03
142,15m,2026-03-03 20:44:51.665219+03,MR,BUY,0.7814,1976.57,1946.1,2001.95,3,"Regime=MR(rc=-0.204,ar=-0.123) | score_mr=-0.687 vs [-0.139,0.330] | conf=0.78",0.817,1,0.3644,-0.204255,-0.12322,-0.686649,0.000397,0.00741572,"{""a_min"": 0.1, ""mom_k"": 1.5, ""r_min"": 0.1, ""hold_bars"": 3, ""quantile_hi"": 0.85, ""quantile_lo"": 0.15, ""quantile_window"": 200}",WIN,0.00639593,1993.235,2026-03-03 21:30:00+03,2026-03-03 23:38:58.973246+03
149,15m,2026-03-03 21:06:21.516702+03,MR,BUY,0.8003,1980.83,1950.46,2006.13,3,"Regime=MR(rc=-0.212,ar=-0.121) | score_mr=-0.752 vs [-0.230,0.330] | conf=0.80",0.8499,1,0.3767,-0.212472,-0.121365,-0.75156,0.00053,0.00737631,"{""a_min"": 0.1, ""mom_k"": 1.5, ""r_min"": 0.1, ""hold_bars"": 3, ""quantile_hi"": 0.85, ""quantile_lo"": 0.15, ""quantile_window"": 200}",WIN,0.00194258,1988.655,2026-03-03 21:45:00+03,2026-03-03 23:38:58.977217+03
183,30m,2026-03-05 20:19:16.807217+03,MR,BUY,0.6444,2072.05,2046.43,2093.41,2,"Regime=MR(rc=-0.137,ar=-0.081) | score_mr=-8.730 vs [-3.428,3.128] | price_z=-0.858(gate|z|>=0.50)✓ | conf=0.64",0.5499,1,0.3469,-0.137484,-0.08109,-8.729719,-0.00179,0.00728715,"{""a_min"": 0.1, ""mom_k"": 1.5, ""r_min"": 0.1, ""price_z"": -0.8584, ""hold_bars"": 2, ""trend_min"": 0.002, ""quantile_hi"": 0.9, ""quantile_lo"": 0.1, ""stretch_z_min"": 0.5, ""trend_strength"": 0.000175, ""quantile_window"": 150}",LOSS,-0.00791743,2059.825,2026-03-05 20:30:00+03,2026-03-05 23:32:57.763102+03
143,15m,2026-03-03 20:47:52.593528+03,MR,BUY,0.7758,1976.39,1946.15,2001.6,3,"Regime=MR(rc=-0.201,ar=-0.122) | score_mr=-0.770 vs [-0.152,0.330] | conf=0.78",0.8058,1,0.3644,-0.201444,-0.12197,-0.769644,0.000351,0.00736317,"{""a_min"": 0.1, ""mom_k"": 1.5, ""r_min"": 0.1, ""hold_bars"": 3, ""quantile_hi"": 0.85, ""quantile_lo"": 0.15, ""quantile_window"": 200}",WIN,0.006487,1993.235,2026-03-03 21:30:00+03,2026-03-03 23:38:58.97375+03
146,15m,2026-03-03 20:57:08.976288+03,MR,BUY,0.7946,1976.39,1946.15,2001.6,3,"Regime=MR(rc=-0.211,ar=-0.122) | score_mr=-0.770 vs [-0.152,0.330] | conf=0.79",0.8434,1,0.3644,-0.210847,-0.12197,-0.769644,0.000351,0.00736317,"{""a_min"": 0.1, ""mom_k"": 1.5, ""r_min"": 0.1, ""hold_bars"": 3, ""quantile_hi"": 0.85, ""quantile_lo"": 0.15, ""quantile_window"": 200}",WIN,0.00418658,1988.655,2026-03-03 21:45:00+03,2026-03-03 23:38:58.975826+03
147,15m,2026-03-03 21:00:16.304514+03,MR,BUY,0.7952,1976.39,1946.15,2001.6,3,"Regime=MR(rc=-0.211,ar=-0.122) | score_mr=-0.770 vs [-0.152,0.330] | conf=0.80",0.8447,1,0.3644,-0.211168,-0.12197,-0.769644,0.000351,0.00736317,"{""a_min"": 0.1, ""mom_k"": 1.5, ""r_min"": 0.1, ""hold_bars"": 3, ""quantile_hi"": 0.85, ""quantile_lo"": 0.15, ""quantile_window"": 200}",WIN,0.00418658,1988.655,2026-03-03 21:45:00+03,2026-03-03 23:38:58.976302+03
154,15m,2026-03-03 21:19:31.955768+03,MR,SELL,0.662,1973.47,2002.7,1949.12,3,"Regime=MR(rc=-0.199,ar=-0.126) | score_mr=0.357 vs [-0.230,0.341] | conf=0.66",0.798,0.6255,0.3767,-0.199496,-0.126312,0.357177,0.000126,0.00712608,"{""a_min"": 0.1, ""mom_k"": 1.5, ""r_min"": 0.1, ""hold_bars"": 3, ""quantile_hi"": 0.85, ""quantile_lo"": 0.15, ""quantile_window"": 200}",LOSS,-0.0083367,1986.015,2026-03-03 22:00:00+03,2026-03-03 23:38:58.979478+03
184,30m,2026-03-05 20:22:20.64632+03,MR,BUY,0.6454,2073.22,2047.62,2094.56,2,"Regime=MR(rc=-0.138,ar=-0.080) | score_mr=-10.950 vs [-3.428,3.128] | price_z=-0.831(gate|z|>=0.50)✓ | conf=0.65",0.552,1,0.3469,-0.138005,-0.079658,-10.950169,-0.001736,0.00727646,"{""a_min"": 0.1, ""mom_k"": 1.5, ""r_min"": 0.1, ""price_z"": -0.8312, ""hold_bars"": 2, ""trend_min"": 0.002, ""quantile_hi"": 0.9, ""quantile_lo"": 0.1, ""stretch_z_min"": 0.5, ""trend_strength"": 0.000207, ""quantile_window"": 150}",LOSS,-0.00848193,2059.825,2026-03-05 20:30:00+03,2026-03-05 23:32:57.763475+03
144,15m,2026-03-03 20:50:56.084928+03,MR,BUY,0.7967,1976.39,1946.15,2001.6,3,"Regime=MR(rc=-0.212,ar=-0.122) | score_mr=-0.770 vs [-0.152,0.330] | conf=0.80",0.8476,1,0.3644,-0.211893,-0.12197,-0.769644,0.000351,0.00736317,"{""a_min"": 0.1, ""mom_k"": 1.5, ""r_min"": 0.1, ""hold_bars"": 3, ""quantile_hi"": 0.85, ""quantile_lo"": 0.15, ""quantile_window"": 200}",WIN,0.006487,1993.235,2026-03-03 21:30:00+03,2026-03-03 23:38:58.974395+03
148,15m,2026-03-03 21:03:34.155557+03,MR,BUY,0.8136,1980.83,1950.46,2006.13,3,"Regime=MR(rc=-0.219,ar=-0.121) | score_mr=-0.752 vs [-0.230,0.330] | conf=0.81",0.8765,1,0.3767,-0.219135,-0.121365,-0.75156,0.00053,0.00737631,"{""a_min"": 0.1, ""mom_k"": 1.5, ""r_min"": 0.1, ""hold_bars"": 3, ""quantile_hi"": 0.85, ""quantile_lo"": 0.15, ""quantile_window"": 200}",WIN,0.00194258,1988.655,2026-03-03 21:45:00+03,2026-03-03 23:38:58.976764+03
150,15m,2026-03-03 21:09:24.890127+03,MR,BUY,0.7991,1980.83,1950.46,2006.13,3,"Regime=MR(rc=-0.212,ar=-0.121) | score_mr=-0.752 vs [-0.230,0.330] | conf=0.80",0.8476,1,0.3767,-0.211893,-0.121365,-0.75156,0.00053,0.00737631,"{""a_min"": 0.1, ""mom_k"": 1.5, ""r_min"": 0.1, ""hold_bars"": 3, ""quantile_hi"": 0.85, ""quantile_lo"": 0.15, ""quantile_window"": 200}",WIN,0.00061417,1986.015,2026-03-03 22:00:00+03,2026-03-03 23:38:58.977671+03
155,15m,2026-03-03 21:22:35.619704+03,MR,SELL,0.6595,1973.47,2002.7,1949.12,3,"Regime=MR(rc=-0.198,ar=-0.126) | score_mr=0.357 vs [-0.230,0.341] | conf=0.66",0.793,0.6255,0.3767,-0.198251,-0.126312,0.357177,0.000126,0.00712608,"{""a_min"": 0.1, ""mom_k"": 1.5, ""r_min"": 0.1, ""hold_bars"": 3, ""quantile_hi"": 0.85, ""quantile_lo"": 0.15, ""quantile_window"": 200}",LOSS,-0.00849278,1986.325,2026-03-03 22:15:00+03,2026-03-03 23:38:58.979928+03
156,15m,2026-03-03 21:25:38.332294+03,MR,SELL,0.6577,1973.47,2002.7,1949.12,3,"Regime=MR(rc=-0.197,ar=-0.126) | score_mr=0.357 vs [-0.230,0.341] | conf=0.66",0.7895,0.6255,0.3767,-0.197379,-0.126312,0.357177,0.000126,0.00712608,"{""a_min"": 0.1, ""mom_k"": 1.5, ""r_min"": 0.1, ""hold_bars"": 3, ""quantile_hi"": 0.85, ""quantile_lo"": 0.15, ""quantile_window"": 200}",LOSS,-0.00849278,1986.325,2026-03-03 22:15:00+03,2026-03-03 23:38:58.980378+03
157,15m,2026-03-03 21:28:39.473738+03,MR,SELL,0.6566,1973.47,2002.7,1949.12,3,"Regime=MR(rc=-0.197,ar=-0.126) | score_mr=0.357 vs [-0.230,0.341] | conf=0.66",0.7873,0.6255,0.3767,-0.196832,-0.126312,0.357177,0.000126,0.00712608,"{""a_min"": 0.1, ""mom_k"": 1.5, ""r_min"": 0.1, ""hold_bars"": 3, ""quantile_hi"": 0.85, ""quantile_lo"": 0.15, ""quantile_window"": 200}",LOSS,-0.00849278,1986.325,2026-03-03 22:15:00+03,2026-03-03 23:38:58.98083+03
186,5m,2026-03-05 20:28:22.842614+03,MR,BUY,0.6809,2075.14,2059.84,2087.88,3,"Regime=MR(rc=-0.154,ar=-0.031) | score_mr=-87.333 vs [-0.826,1.682] | price_z=-1.222(gate|z|>=1.00)✓ | conf=0.68",0.6177,1,0.36,-0.154432,-0.031064,-87.332994,-0.000227,0.0035454,"{""a_min"": 0.1, ""mom_k"": 1.5, ""r_min"": 0.15, ""price_z"": -1.2216, ""hold_bars"": 3, ""trend_min"": 0.002, ""quantile_hi"": 0.85, ""quantile_lo"": 0.15, ""stretch_z_min"": 1.0, ""trend_strength"": -0.00613, ""quantile_window"": 200}",LOSS,-0.00580214,2067.265,2026-03-05 20:40:00+03,2026-03-05 20:48:32.740307+03
185,30m,2026-03-05 20:25:19.365794+03,MR,BUY,0.6447,2072.4,2046.79,2093.75,2,"Regime=MR(rc=-0.138,ar=-0.081) | score_mr=-16.473 vs [-3.428,3.128] | price_z=-0.850(gate|z|>=0.50)✓ | conf=0.64",0.5506,1,0.3469,-0.137643,-0.080663,-16.472778,-0.001773,0.00728373,"{""a_min"": 0.1, ""mom_k"": 1.5, ""r_min"": 0.1, ""price_z"": -0.8503, ""hold_bars"": 2, ""trend_min"": 0.002, ""quantile_hi"": 0.9, ""quantile_lo"": 0.1, ""stretch_z_min"": 0.5, ""trend_strength"": 0.000185, ""quantile_window"": 150}",LOSS,-0.00808633,2059.825,2026-03-05 20:30:00+03,2026-03-05 23:32:57.76384+03
145,15m,2026-03-03 20:54:03.371665+03,MR,BUY,0.7985,1976.39,1946.15,2001.6,3,"Regime=MR(rc=-0.213,ar=-0.122) | score_mr=-0.770 vs [-0.152,0.330] | conf=0.80",0.8512,1,0.3644,-0.212792,-0.12197,-0.769644,0.000351,0.00736317,"{""a_min"": 0.1, ""mom_k"": 1.5, ""r_min"": 0.1, ""hold_bars"": 3, ""quantile_hi"": 0.85, ""quantile_lo"": 0.15, ""quantile_window"": 200}",WIN,0.00418658,1988.655,2026-03-03 21:45:00+03,2026-03-03 23:38:58.975277+03
153,15m,2026-03-03 21:16:30.57593+03,MR,SELL,0.6631,1973.47,2002.7,1949.12,3,"Regime=MR(rc=-0.200,ar=-0.126) | score_mr=0.357 vs [-0.230,0.341] | conf=0.66",0.8003,0.6255,0.3767,-0.200067,-0.126312,0.357177,0.000126,0.00712608,"{""a_min"": 0.1, ""mom_k"": 1.5, ""r_min"": 0.1, ""hold_bars"": 3, ""quantile_hi"": 0.85, ""quantile_lo"": 0.15, ""quantile_window"": 200}",LOSS,-0.0083367,1986.015,2026-03-03 22:00:00+03,2026-03-03 23:38:58.97904+03
187,30m,2026-03-05 20:28:22.868467+03,MR,BUY,0.647,2075.14,2049.56,2096.45,2,"Regime=MR(rc=-0.139,ar=-0.077) | score_mr=-17.298 vs [-3.428,3.128] | price_z=-0.787(gate|z|>=0.50)✓ | conf=0.65",0.5552,1,0.3469,-0.1388,-0.077284,-17.298172,-0.001648,0.0072637,"{""a_min"": 0.1, ""mom_k"": 1.5, ""r_min"": 0.1, ""price_z"": -0.7869, ""hold_bars"": 2, ""trend_min"": 0.002, ""quantile_hi"": 0.9, ""quantile_lo"": 0.1, ""stretch_z_min"": 0.5, ""trend_strength"": 0.000258, ""quantile_window"": 150}",LOSS,-0.00940759,2059.825,2026-03-05 20:30:00+03,2026-03-05 23:32:57.764198+03
2,5m,2026-03-02 04:39:27.275113+03,MOM,BUY,0.5667,1984.22,1975.61,2001.45,1,"Regime=MOM(rc=0.256,ar=0.332) | score_mom=0.002177 vs +/-0.001002 | conf=0.57",1,0,0.3333,0.255699,0.332466,0.067195,0.002177,0.00433992,,LOSS,-0.00856564,1971.235,2026-03-02 04:40:00+03,2026-03-03 23:38:52.163143+03
3,5m,2026-03-02 10:26:41.74774+03,MOM,SELL,0.6111,1937.03,1942.14,1926.79,2,"Regime=MOM(rc=0.071,ar=0.122) | score_mom=-0.001127 vs +/-0.001027 | conf=0.61",0.4889,1,0.3333,0.071377,0.122231,-1.618782,-0.001127,0.00264102,,LOSS,-0.00445693,1941.795,2026-03-02 10:35:00+03,2026-03-03 23:38:52.163902+03
4,5m,2026-03-02 10:27:14.598456+03,MOM,SELL,0.6111,1937.03,1942.14,1926.79,2,"Regime=MOM(rc=0.085,ar=0.122) | score_mom=-0.001127 vs +/-0.001027 | conf=0.61",0.4889,1,0.3333,0.085303,0.122231,-1.618782,-0.001127,0.00264102,,LOSS,-0.00445693,1941.795,2026-03-02 10:35:00+03,2026-03-03 23:38:52.164471+03
5,5m,2026-03-02 10:28:15.223774+03,MOM,SELL,0.6111,1937.03,1942.14,1926.79,2,"Regime=MOM(rc=0.107,ar=0.122) | score_mom=-0.001127 vs +/-0.001027 | conf=0.61",0.4889,1,0.3333,0.107072,0.122231,-1.618782,-0.001127,0.00264102,,LOSS,-0.00366869,1940.265,2026-03-02 10:40:00+03,2026-03-03 23:38:52.165034+03
6,5m,2026-03-02 10:29:13.966978+03,MOM,SELL,0.6111,1937.03,1942.14,1926.79,2,"Regime=MOM(rc=0.101,ar=0.122) | score_mom=-0.001127 vs +/-0.001027 | conf=0.61",0.4889,1,0.3333,0.100509,0.122231,-1.618782,-0.001127,0.00264102,,LOSS,-0.00366869,1940.265,2026-03-02 10:40:00+03,2026-03-03 23:38:52.165671+03
7,5m,2026-03-02 10:30:16.364677+03,MOM,SELL,0.6111,1937.03,1942.14,1926.79,2,"Regime=MOM(rc=0.101,ar=0.122) | score_mom=-0.001127 vs +/-0.001027 | conf=0.61",0.4889,1,0.3333,0.100986,0.122231,-1.618782,-0.001127,0.00264102,,LOSS,-0.00366869,1940.265,2026-03-02 10:40:00+03,2026-03-03 23:38:52.166299+03
8,5m,2026-03-02 10:31:16.105794+03,MOM,SELL,0.6451,1936.27,1941.36,1926.07,2,"Regime=MOM(rc=0.111,ar=0.139) | score_mom=-0.001057 vs +/-0.001032 | conf=0.65",0.5568,1,0.3333,0.111247,0.139208,0.193425,-0.001057,0.00263228,,LOSS,-0.00406112,1940.265,2026-03-02 10:40:00+03,2026-03-03 23:38:52.166989+03
9,5m,2026-03-02 10:32:16.583878+03,MOM,SELL,0.6451,1936.27,1941.36,1926.07,2,"Regime=MOM(rc=0.116,ar=0.139) | score_mom=-0.001057 vs +/-0.001032 | conf=0.65",0.5568,1,0.3333,0.115831,0.139208,0.193425,-0.001057,0.00263228,,LOSS,-0.00406112,1940.265,2026-03-02 10:40:00+03,2026-03-03 23:38:52.167759+03
10,5m,2026-03-02 10:33:19.008143+03,MOM,SELL,0.6451,1936.27,1941.36,1926.07,2,"Regime=MOM(rc=0.114,ar=0.139) | score_mom=-0.001057 vs +/-0.001032 | conf=0.65",0.5568,1,0.3333,0.114235,0.139208,0.193425,-0.001057,0.00263228,,LOSS,-0.00406112,1940.265,2026-03-02 10:40:00+03,2026-03-03 23:38:52.168902+03
11,5m,2026-03-02 10:34:18.430615+03,MOM,SELL,0.6451,1936.27,1941.36,1926.07,2,"Regime=MOM(rc=0.112,ar=0.139) | score_mom=-0.001057 vs +/-0.001032 | conf=0.65",0.5568,1,0.3333,0.11178,0.139208,0.193425,-0.001057,0.00263228,,LOSS,-0.00406112,1940.265,2026-03-02 10:40:00+03,2026-03-03 23:38:52.169629+03
12,5m,2026-03-02 10:35:25.619908+03,MOM,SELL,0.6451,1936.27,1941.36,1926.07,2,"Regime=MOM(rc=0.106,ar=0.139) | score_mom=-0.001057 vs +/-0.001032 | conf=0.65",0.5568,1,0.3333,0.105577,0.139208,0.193425,-0.001057,0.00263228,,LOSS,-0.00406112,1940.265,2026-03-02 10:40:00+03,2026-03-03 23:38:52.170284+03
13,5m,2026-03-02 10:36:26.430931+03,MOM,SELL,0.6332,1934.45,1939.5,1924.36,2,"Regime=MOM(rc=0.125,ar=0.133) | score_mom=-0.001046 vs +/-0.001038 | conf=0.63",0.5332,1,0.3333,0.125187,0.133291,0.551884,-0.001046,0.00260855,,LOSS,-0.00500151,1940.265,2026-03-02 10:40:00+03,2026-03-03 23:38:52.170863+03
14,5m,2026-03-02 10:37:28.653592+03,MOM,SELL,0.6332,1934.45,1939.5,1924.36,2,"Regime=MOM(rc=0.127,ar=0.133) | score_mom=-0.001046 vs +/-0.001038 | conf=0.63",0.5332,1,0.3333,0.126674,0.133291,0.551884,-0.001046,0.00260855,,LOSS,-0.00500151,1940.265,2026-03-02 10:40:00+03,2026-03-03 23:38:52.171885+03
15,5m,2026-03-02 10:38:29.088167+03,MOM,SELL,0.6332,1934.45,1939.5,1924.36,2,"Regime=MOM(rc=0.123,ar=0.133) | score_mom=-0.001046 vs +/-0.001038 | conf=0.63",0.5332,1,0.3333,0.123139,0.133291,0.551884,-0.001046,0.00260855,,LOSS,-0.00500151,1940.265,2026-03-02 10:40:00+03,2026-03-03 23:38:52.172681+03
16,5m,2026-03-02 10:39:27.78377+03,MOM,SELL,0.6332,1934.45,1939.5,1924.36,2,"Regime=MOM(rc=0.124,ar=0.133) | score_mom=-0.001046 vs +/-0.001038 | conf=0.63",0.5332,1,0.3333,0.124247,0.133291,0.551884,-0.001046,0.00260855,,LOSS,-0.00500151,1940.265,2026-03-02 10:40:00+03,2026-03-03 23:38:52.1735+03
18,5m,2026-03-02 17:27:04.027203+03,MR,SELL,0.5567,1928.95,1933.05,1925.55,3,"Regime=MR(rc=-0.095,ar=-0.025) | score_mr=3.323 vs [-0.404,0.504] | conf=0.56",0.3801,1,0.3333,-0.09503,-0.024616,3.323135,-0.000188,0.0017671,,LOSS,-0.02111422,1966.175,2026-03-02 17:40:00+03,2026-03-03 23:38:52.175402+03
19,5m,2026-03-02 17:28:18.472664+03,MR,SELL,0.6939,1928.95,1933.05,1925.55,3,"Regime=MR(rc=-0.164,ar=-0.025) | score_mr=3.323 vs [-0.404,0.504] | conf=0.69",0.6545,1,0.3333,-0.163627,-0.024616,3.323135,-0.000188,0.0017671,,LOSS,-0.02678934,1977.365,2026-03-02 17:45:00+03,2026-03-03 23:38:52.176374+03
31,5m,2026-03-03 05:08:28.888845+03,MR,BUY,0.5833,2010.91,2003.14,2017.39,2,"Regime=MR(rc=-0.108,ar=-0.147) | score_mr=-1.264 vs [-0.419,0.227] | conf=0.58",0.4333,1,0.3333,-0.108317,-0.147356,-1.264194,-0.000994,0.00227783,"{""a_min"": 0.1, ""mom_k"": 1.5, ""r_min"": 0.1, ""hold_bars"": 2, ""quantile_hi"": 0.9, ""quantile_lo"": 0.1, ""quantile_window"": 200}",LOSS,-0.00162959,2011.655,2026-03-03 05:10:00+03,2026-03-03 23:38:52.177378+03
32,5m,2026-03-03 06:41:35.752539+03,MR,BUY,0.6865,2013.4,2006.58,2019.09,2,"Regime=MR(rc=-0.160,ar=-0.177) | score_mr=-0.814 vs [-0.473,0.227] | conf=0.69",0.6396,1,0.3333,-0.159903,-0.177301,-0.814479,-0.000184,0.0019969,"{""a_min"": 0.1, ""mom_k"": 1.5, ""r_min"": 0.1, ""hold_bars"": 2, ""quantile_hi"": 0.9, ""quantile_lo"": 0.1, ""quantile_window"": 200}",LOSS,-0.00485248,2007.665,2026-03-03 06:50:00+03,2026-03-03 23:38:52.17803+03
33,5m,2026-03-03 06:45:01.338068+03,MR,BUY,0.6876,2013.4,2006.58,2019.09,2,"Regime=MR(rc=-0.160,ar=-0.177) | score_mr=-0.814 vs [-0.473,0.227] | conf=0.69",0.6418,1,0.3333,-0.160453,-0.177301,-0.814479,-0.000184,0.0019969,"{""a_min"": 0.1, ""mom_k"": 1.5, ""r_min"": 0.1, ""hold_bars"": 2, ""quantile_hi"": 0.9, ""quantile_lo"": 0.1, ""quantile_window"": 200}",LOSS,-0.0044043,2008.565,2026-03-03 06:55:00+03,2026-03-03 23:38:52.178609+03
34,5m,2026-03-03 07:51:37.567481+03,MR,BUY,0.6119,2000.69,1995.47,2005.05,2,"Regime=MR(rc=-0.129,ar=-0.211) | score_mr=-1.006 vs [-0.661,0.392] | conf=0.61",0.5171,0.9558,0.3333,-0.129269,-0.211466,-1.005604,-0.000488,0.00153798,"{""a_min"": 0.1, ""mom_k"": 1.5, ""r_min"": 0.1, ""hold_bars"": 2, ""quantile_hi"": 0.9, ""quantile_lo"": 0.1, ""quantile_window"": 200}",LOSS,-0.00217745,2000.335,2026-03-03 08:00:00+03,2026-03-03 23:38:52.179175+03
35,5m,2026-03-03 07:54:43.810151+03,MR,BUY,0.6256,2000.69,1995.47,2005.05,2,"Regime=MR(rc=-0.136,ar=-0.211) | score_mr=-1.006 vs [-0.661,0.392] | conf=0.63",0.5444,0.9558,0.3333,-0.136109,-0.211466,-1.005604,-0.000488,0.00153798,"{""a_min"": 0.1, ""mom_k"": 1.5, ""r_min"": 0.1, ""hold_bars"": 2, ""quantile_hi"": 0.9, ""quantile_lo"": 0.1, ""quantile_window"": 200}",LOSS,-0.00026461,2004.165,2026-03-03 08:05:00+03,2026-03-03 23:38:52.17975+03
36,5m,2026-03-03 07:57:46.582115+03,MR,BUY,0.6537,2000.18,1995.18,2004.36,2,"Regime=MR(rc=-0.144,ar=-0.206) | score_mr=-1.707 vs [-0.674,0.392] | conf=0.65",0.5741,1,0.3333,-0.143519,-0.20646,-1.707305,-0.000466,0.00147579,"{""a_min"": 0.1, ""mom_k"": 1.5, ""r_min"": 0.1, ""hold_bars"": 2, ""quantile_hi"": 0.9, ""quantile_lo"": 0.1, ""quantile_window"": 200}",WIN,0.00233271,2008.865,2026-03-03 08:10:00+03,2026-03-03 23:38:52.180323+03
37,5m,2026-03-03 08:00:54.710855+03,MR,BUY,0.6368,2000.18,1995.18,2004.36,2,"Regime=MR(rc=-0.135,ar=-0.206) | score_mr=-1.707 vs [-0.674,0.392] | conf=0.64",0.5402,1,0.3333,-0.13505,-0.20646,-1.707305,-0.000466,0.00147579,"{""a_min"": 0.1, ""mom_k"": 1.5, ""r_min"": 0.1, ""hold_bars"": 2, ""quantile_hi"": 0.9, ""quantile_lo"": 0.1, ""quantile_window"": 200}",WIN,0.00233271,2008.865,2026-03-03 08:10:00+03,2026-03-03 23:38:52.18098+03
38,5m,2026-03-03 08:03:51.397864+03,MR,BUY,0.6336,1999.62,1995.7,2002.9,2,"Regime=MR(rc=-0.133,ar=-0.196) | score_mr=-1.525 vs [-0.680,0.392] | conf=0.63",0.5339,1,0.3333,-0.133482,-0.19617,-1.524936,-0.000448,0.00115745,"{""a_min"": 0.1, ""mom_k"": 1.5, ""r_min"": 0.1, ""hold_bars"": 2, ""quantile_hi"": 0.9, ""quantile_lo"": 0.1, ""quantile_window"": 200}",WIN,0.00530217,2014.275,2026-03-03 08:15:00+03,2026-03-03 23:38:52.181622+03
39,5m,2026-03-03 08:10:00.161351+03,MR,BUY,0.747,2000.34,1996.38,2003.63,2,"Regime=MR(rc=-0.190,ar=-0.187) | score_mr=-2.850 vs [-0.682,0.392] | conf=0.75",0.7607,1,0.3333,-0.190182,-0.186831,-2.849961,-0.000372,0.0011644,"{""a_min"": 0.1, ""mom_k"": 1.5, ""r_min"": 0.1, ""hold_bars"": 2, ""quantile_hi"": 0.9, ""quantile_lo"": 0.1, ""quantile_window"": 200}",WIN,0.00405808,2012.495,2026-03-03 08:20:00+03,2026-03-03 23:38:52.182212+03
40,5m,2026-03-03 08:52:43.716985+03,MR,SELL,0.8667,2012.49,2016.83,2008.88,2,"Regime=MR(rc=-0.580,ar=-0.131) | score_mr=5.279 vs [-0.682,0.401] | conf=0.87",1,1,0.3333,-0.580285,-0.130945,5.278623,0.000216,0.0012707,"{""a_min"": 0.1, ""mom_k"": 1.5, ""r_min"": 0.1, ""hold_bars"": 2, ""quantile_hi"": 0.9, ""quantile_lo"": 0.1, ""quantile_window"": 200}",WIN,0.00730281,1993.855,2026-03-03 09:05:00+03,2026-03-03 23:38:52.183201+03
41,5m,2026-03-03 08:55:48.175029+03,MR,SELL,0.8667,2012.49,2016.83,2008.88,2,"Regime=MR(rc=-0.551,ar=-0.131) | score_mr=5.279 vs [-0.682,0.401] | conf=0.87",1,1,0.3333,-0.550982,-0.130945,5.278623,0.000216,0.0012707,"{""a_min"": 0.1, ""mom_k"": 1.5, ""r_min"": 0.1, ""hold_bars"": 2, ""quantile_hi"": 0.9, ""quantile_lo"": 0.1, ""quantile_window"": 200}",WIN,0.00730281,1993.855,2026-03-03 09:05:00+03,2026-03-03 23:38:52.184129+03
42,5m,2026-03-03 08:58:49.384652+03,MR,SELL,0.8667,1992.7,2001.27,1985.57,2,"Regime=MR(rc=-0.529,ar=-0.060) | score_mr=5.269 vs [-0.682,0.413] | conf=0.87",1,1,0.3333,-0.529165,-0.059943,5.268848,-0.000746,0.00253227,"{""a_min"": 0.1, ""mom_k"": 1.5, ""r_min"": 0.1, ""hold_bars"": 2, ""quantile_hi"": 0.9, ""quantile_lo"": 0.1, ""quantile_window"": 200}",LOSS,-0.00254434,1993.785,2026-03-03 09:10:00+03,2026-03-03 23:38:52.185018+03
43,5m,2026-03-03 09:07:02.161694+03,MR,SELL,0.7148,1992.74,2001.31,1985.61,2,"Regime=MR(rc=-0.415,ar=-0.046) | score_mr=0.562 vs [-0.682,0.456] | conf=0.71",1,0.4937,0.3333,-0.41545,-0.046357,0.562076,-0.000611,0.00253176,"{""a_min"": 0.1, ""mom_k"": 1.5, ""r_min"": 0.1, ""hold_bars"": 2, ""quantile_hi"": 0.9, ""quantile_lo"": 0.1, ""quantile_window"": 200}",LOSS,-0.00238382,1993.505,2026-03-03 09:15:00+03,2026-03-03 23:38:52.185771+03
44,5m,2026-03-03 09:10:05.334567+03,MR,SELL,0.7148,1992.74,2001.31,1985.61,2,"Regime=MR(rc=-0.418,ar=-0.046) | score_mr=0.562 vs [-0.682,0.456] | conf=0.71",1,0.4937,0.3333,-0.417892,-0.046357,0.562076,-0.000611,0.00253176,"{""a_min"": 0.1, ""mom_k"": 1.5, ""r_min"": 0.1, ""hold_bars"": 2, ""quantile_hi"": 0.9, ""quantile_lo"": 0.1, ""quantile_window"": 200}",LOSS,-0.00179172,1992.325,2026-03-03 09:20:00+03,2026-03-03 23:38:52.186346+03
45,5m,2026-03-03 09:12:08.052828+03,MR,BUY,0.8667,1993.86,1985.33,2000.96,2,"Regime=MR(rc=-0.360,ar=-0.034) | score_mr=-4.564 vs [-0.702,0.456] | conf=0.87",1,1,0.3333,-0.35968,-0.033987,-4.564054,-0.000499,0.00252012,"{""a_min"": 0.1, ""mom_k"": 1.5, ""r_min"": 0.1, ""hold_bars"": 2, ""quantile_hi"": 0.9, ""quantile_lo"": 0.1, ""quantile_window"": 200}",LOSS,-0.00277016,1992.325,2026-03-03 09:20:00+03,2026-03-03 23:38:52.186909+03
46,5m,2026-03-03 09:15:08.750367+03,MR,BUY,0.8667,1993.86,1985.33,2000.96,2,"Regime=MR(rc=-0.381,ar=-0.034) | score_mr=-4.564 vs [-0.702,0.456] | conf=0.87",1,1,0.3333,-0.380947,-0.033987,-4.564054,-0.000499,0.00252012,"{""a_min"": 0.1, ""mom_k"": 1.5, ""r_min"": 0.1, ""hold_bars"": 2, ""quantile_hi"": 0.9, ""quantile_lo"": 0.1, ""quantile_window"": 200}",LOSS,-0.00207774,1993.705,2026-03-03 09:25:00+03,2026-03-03 23:38:52.187663+03
47,5m,2026-03-03 09:16:10.108277+03,MR,SELL,0.8667,1993.79,2002.32,1986.68,2,"Regime=MR(rc=-0.379,ar=-0.031) | score_mr=1.461 vs [-0.702,0.569] | conf=0.87",1,1,0.3333,-0.378983,-0.031229,1.461397,-0.000455,0.00252106,"{""a_min"": 0.1, ""mom_k"": 1.5, ""r_min"": 0.1, ""hold_bars"": 2, ""quantile_hi"": 0.9, ""quantile_lo"": 0.1, ""quantile_window"": 200}",LOSS,-0.00195737,1993.705,2026-03-03 09:25:00+03,2026-03-03 23:38:52.188782+03
48,5m,2026-03-03 09:19:12.579119+03,MR,SELL,0.8667,1993.79,2002.32,1986.68,2,"Regime=MR(rc=-0.374,ar=-0.031) | score_mr=1.461 vs [-0.702,0.569] | conf=0.87",1,1,0.3333,-0.374315,-0.031229,1.461397,-0.000455,0.00252106,"{""a_min"": 0.1, ""mom_k"": 1.5, ""r_min"": 0.1, ""hold_bars"": 2, ""quantile_hi"": 0.9, ""quantile_lo"": 0.1, ""quantile_window"": 200}",LOSS,-0.00180187,1993.395,2026-03-03 09:30:00+03,2026-03-03 23:38:52.189873+03
49,5m,2026-03-03 09:22:16.979863+03,MR,SELL,0.7629,1993.51,2002.01,1986.42,2,"Regime=MR(rc=-0.373,ar=-0.034) | score_mr=0.877 vs [-0.702,0.638] | conf=0.76",1,0.654,0.3333,-0.3727,-0.034209,0.876838,-0.000425,0.00251472,"{""a_min"": 0.1, ""mom_k"": 1.5, ""r_min"": 0.1, ""hold_bars"": 2, ""quantile_hi"": 0.9, ""quantile_lo"": 0.1, ""quantile_window"": 200}",LOSS,-0.00194231,1993.395,2026-03-03 09:30:00+03,2026-03-03 23:38:52.19098+03
51,5m,2026-03-03 09:26:21.554347+03,MR,BUY,0.8667,1992.33,1983.82,1999.41,2,"Regime=MR(rc=-0.379,ar=-0.052) | score_mr=-2.091 vs [-0.827,0.638] | conf=0.87",1,1,0.3333,-0.379055,-0.051647,-2.090921,-0.000441,0.00251491,"{""a_min"": 0.1, ""mom_k"": 1.5, ""r_min"": 0.1, ""hold_bars"": 2, ""quantile_hi"": 0.9, ""quantile_lo"": 0.1, ""quantile_window"": 200}",LOSS,-0.00146559,1993.395,2026-03-03 09:30:00+03,2026-03-03 23:38:52.192762+03
52,5m,2026-03-03 09:29:25.651257+03,MR,BUY,0.8667,1992.33,1983.82,1999.41,2,"Regime=MR(rc=-0.387,ar=-0.052) | score_mr=-2.091 vs [-0.827,0.638] | conf=0.87",1,1,0.3333,-0.386816,-0.051647,-2.090921,-0.000441,0.00251491,"{""a_min"": 0.1, ""mom_k"": 1.5, ""r_min"": 0.1, ""hold_bars"": 2, ""quantile_hi"": 0.9, ""quantile_lo"": 0.1, ""quantile_window"": 200}",LOSS,-0.00146559,1993.395,2026-03-03 09:30:00+03,2026-03-03 23:38:52.193693+03
53,5m,2026-03-03 10:10:49.066023+03,MR,SELL,0.8667,1993.39,2001.91,1986.3,2,"Regime=MR(rc=-0.413,ar=-0.041) | score_mr=2.534 vs [-0.827,0.684] | conf=0.87",1,1,0.3333,-0.413139,-0.041015,2.53445,-0.000316,0.00251645,"{""a_min"": 0.1, ""mom_k"": 1.5, ""r_min"": 0.1, ""hold_bars"": 2, ""quantile_hi"": 0.9, ""quantile_lo"": 0.1, ""quantile_window"": 200}",LOSS,-0.00461773,1998.615,2026-03-03 10:25:00+03,2026-03-03 23:38:52.194335+03
54,5m,2026-03-03 10:13:47.401852+03,MR,SELL,0.8667,1993.61,2002.1,1986.53,2,"Regime=MR(rc=-0.281,ar=0.029) | score_mr=7.344 vs [-0.827,0.778] | conf=0.87",1,1,0.3333,-0.280547,0.029237,7.344455,-0.000276,0.00251043,"{""a_min"": 0.1, ""mom_k"": 1.5, ""r_min"": 0.1, ""hold_bars"": 2, ""quantile_hi"": 0.9, ""quantile_lo"": 0.1, ""quantile_window"": 200}",LOSS,-0.00450738,1998.615,2026-03-03 10:25:00+03,2026-03-03 23:38:52.194968+03
55,5m,2026-03-03 10:26:42.5189+03,MR,SELL,0.6889,2000.18,2009,1992.84,2,"Regime=MR(rc=-0.202,ar=0.101) | score_mr=1.265 vs [-0.852,0.885] | conf=0.69",0.8076,0.7281,0.3333,-0.201905,0.101235,1.26467,5.8e-05,0.002598,"{""a_min"": 0.1, ""mom_k"": 1.5, ""r_min"": 0.1, ""hold_bars"": 2, ""quantile_hi"": 0.9, ""quantile_lo"": 0.1, ""quantile_window"": 200}",LOSS,-0.0008119,1997.805,2026-03-03 10:40:00+03,2026-03-03 23:38:52.195543+03
56,5m,2026-03-03 11:02:16.657514+03,MR,SELL,0.7522,1997.81,2006.59,1990.48,2,"Regime=MR(rc=-0.193,ar=0.125) | score_mr=1.937 vs [-0.852,1.002] | conf=0.75",0.771,1,0.3333,-0.192755,0.125144,1.936999,-5.9e-05,0.00259161,"{""a_min"": 0.1, ""mom_k"": 1.5, ""r_min"": 0.1, ""hold_bars"": 2, ""quantile_hi"": 0.9, ""quantile_lo"": 0.1, ""quantile_window"": 200}",WIN,0.00397685,1985.905,2026-03-03 11:20:00+03,2026-03-03 23:38:52.196077+03
57,5m,2026-03-03 11:20:16.804209+03,MR,BUY,0.632,1998.06,1989.27,2005.38,2,"Regime=MR(rc=-0.187,ar=0.127) | score_mr=-1.245 vs [-0.942,1.002] | conf=0.63",0.7465,0.6404,0.3333,-0.186632,0.127105,-1.245214,-4.1e-05,0.00259138,"{""a_min"": 0.1, ""mom_k"": 1.5, ""r_min"": 0.1, ""hold_bars"": 2, ""quantile_hi"": 0.9, ""quantile_lo"": 0.1, ""quantile_window"": 200}",LOSS,-0.0195729,1963.255,2026-03-03 11:40:00+03,2026-03-03 23:38:52.196618+03
58,5m,2026-03-03 11:21:23.132622+03,MR,SELL,0.7888,1995.81,2004.61,1988.46,2,"Regime=MR(rc=-0.215,ar=0.127) | score_mr=1.914 vs [-0.942,1.019] | conf=0.79",0.8585,0.9762,0.3333,-0.214613,0.126978,1.914095,-0.000144,0.00260067,"{""a_min"": 0.1, ""mom_k"": 1.5, ""r_min"": 0.1, ""hold_bars"": 2, ""quantile_hi"": 0.9, ""quantile_lo"": 0.1, ""quantile_window"": 200}",WIN,0.01444617,1963.255,2026-03-03 11:40:00+03,2026-03-03 23:38:52.197199+03
59,5m,2026-03-03 11:51:28.050839+03,MR,SELL,0.6568,1985.9,1995.24,1978.13,2,"Regime=MR(rc=-0.212,ar=0.135) | score_mr=1.117 vs [-0.942,1.084] | conf=0.66",0.8495,0.5514,0.3333,-0.212371,0.134977,1.116991,-0.000604,0.00276866,"{""a_min"": 0.1, ""mom_k"": 1.5, ""r_min"": 0.1, ""hold_bars"": 2, ""quantile_hi"": 0.9, ""quantile_lo"": 0.1, ""quantile_window"": 200}",WIN,0.01264675,1957.025,2026-03-03 12:00:00+03,2026-03-03 23:38:52.197835+03
61,5m,2026-03-03 11:52:33.987575+03,MR,BUY,0.6874,1963.26,1951.18,1973.32,2,"Regime=MR(rc=-0.160,ar=0.288) | score_mr=-2.460 vs [-1.014,1.084] | conf=0.69",0.6415,1,0.3333,-0.160387,0.288261,-2.460407,-0.001639,0.00362416,"{""a_min"": 0.1, ""mom_k"": 1.5, ""r_min"": 0.1, ""hold_bars"": 2, ""quantile_hi"": 0.9, ""quantile_lo"": 0.1, ""quantile_window"": 200}",LOSS,-0.00047564,1966.255,2026-03-03 12:05:00+03,2026-03-03 23:38:52.198376+03
63,5m,2026-03-03 11:55:37.140669+03,MR,BUY,0.705,1963.26,1951.18,1973.32,2,"Regime=MR(rc=-0.169,ar=0.288) | score_mr=-2.460 vs [-1.014,1.084] | conf=0.70",0.6766,1,0.3333,-0.169159,0.288261,-2.460407,-0.001639,0.00362416,"{""a_min"": 0.1, ""mom_k"": 1.5, ""r_min"": 0.1, ""hold_bars"": 2, ""quantile_hi"": 0.9, ""quantile_lo"": 0.1, ""quantile_window"": 200}",LOSS,-0.00047564,1966.255,2026-03-03 12:05:00+03,2026-03-03 23:38:52.19889+03
66,5m,2026-03-03 12:01:42.75376+03,MR,BUY,0.63,1952.66,1940.81,1962.54,2,"Regime=MR(rc=-0.178,ar=0.316) | score_mr=-1.499 vs [-1.095,1.084] | conf=0.63",0.7137,0.6881,0.3333,-0.178435,0.31631,-1.498868,-0.001816,0.00357753,"{""a_min"": 0.1, ""mom_k"": 1.5, ""r_min"": 0.1, ""hold_bars"": 2, ""quantile_hi"": 0.9, ""quantile_lo"": 0.1, ""quantile_window"": 200}",WIN,0.00456684,1965.525,2026-03-03 12:10:00+03,2026-03-03 23:38:52.199462+03
68,5m,2026-03-03 12:05:03.456007+03,MR,BUY,0.6425,1952.66,1940.81,1962.54,2,"Regime=MR(rc=-0.185,ar=0.316) | score_mr=-1.499 vs [-1.095,1.084] | conf=0.64",0.7388,0.6881,0.3333,-0.184705,0.31631,-1.498868,-0.001816,0.00357753,"{""a_min"": 0.1, ""mom_k"": 1.5, ""r_min"": 0.1, ""hold_bars"": 2, ""quantile_hi"": 0.9, ""quantile_lo"": 0.1, ""quantile_window"": 200}",WIN,0.00563977,1967.635,2026-03-03 12:15:00+03,2026-03-03 23:38:52.20014+03
83,5m,2026-03-03 14:02:45.597325+03,MR,SELL,0.6936,1952.06,1964.9,1941.35,2,"Regime=MR(rc=-0.181,ar=0.295) | score_mr=2.266 vs [-1.095,1.463] | conf=0.69",0.7222,0.886,0.3333,-0.180559,0.294657,2.266289,-0.000766,0.00387757,"{""a_min"": 0.1, ""mom_k"": 1.5, ""r_min"": 0.1, ""hold_bars"": 2, ""quantile_hi"": 0.9, ""quantile_lo"": 0.1, ""quantile_window"": 200}",LOSS,-0.00251983,1953.075,2026-03-03 14:15:00+03,2026-03-03 23:38:52.202927+03
87,5m,2026-03-03 14:08:50.778882+03,MR,SELL,0.7107,1960.45,1973.58,1949.52,2,"Regime=MR(rc=-0.172,ar=0.300) | score_mr=2.703 vs [-1.095,1.520] | conf=0.71",0.6881,1,0.3333,-0.172017,0.299963,2.703151,-0.000284,0.00394469,"{""a_min"": 0.1, ""mom_k"": 1.5, ""r_min"": 0.1, ""hold_bars"": 2, ""quantile_hi"": 0.9, ""quantile_lo"": 0.1, ""quantile_window"": 200}",LOSS,-0.00184441,1960.145,2026-03-03 14:20:00+03,2026-03-03 23:38:52.204016+03
104,5m,2026-03-03 15:27:48.792539+03,MR,SELL,0.6025,1973.95,1981.07,1968.03,2,"Regime=MR(rc=-0.137,ar=0.270) | score_mr=2.636 vs [-1.095,1.920] | conf=0.60",0.5472,0.8742,0.3333,-0.136797,0.269641,2.635702,0.000522,0.00212311,"{""a_min"": 0.1, ""mom_k"": 1.5, ""r_min"": 0.1, ""hold_bars"": 2, ""quantile_hi"": 0.9, ""quantile_lo"": 0.1, ""quantile_window"": 200}",WIN,0.00135678,1967.335,2026-03-03 15:40:00+03,2026-03-03 23:38:52.205792+03
122,5m,2026-03-03 17:41:45.749053+03,MR,SELL,0.5637,1957.52,1967.37,1949.3,2,"Regime=MR(rc=-0.146,ar=-0.058) | score_mr=2.197 vs [-1.267,1.940] | conf=0.56",0.5829,0.6852,0.3333,-0.145726,-0.057716,2.197341,-5.3e-05,0.00296573,"{""a_min"": 0.1, ""mom_k"": 1.5, ""r_min"": 0.1, ""hold_bars"": 2, ""quantile_hi"": 0.9, ""quantile_lo"": 0.1, ""quantile_window"": 200}",WIN,0.00062154,1952.395,2026-03-03 17:50:00+03,2026-03-03 23:38:52.207388+03
123,5m,2026-03-03 17:44:47.273077+03,MR,SELL,0.6212,1957.52,1967.37,1949.3,2,"Regime=MR(rc=-0.175,ar=-0.058) | score_mr=2.197 vs [-1.267,1.940] | conf=0.62",0.698,0.6852,0.3333,-0.174511,-0.057716,2.197341,-5.3e-05,0.00296573,"{""a_min"": 0.1, ""mom_k"": 1.5, ""r_min"": 0.1, ""hold_bars"": 2, ""quantile_hi"": 0.9, ""quantile_lo"": 0.1, ""quantile_window"": 200}",WIN,0.00580295,1942.305,2026-03-03 17:55:00+03,2026-03-03 23:38:52.208118+03
124,5m,2026-03-03 17:55:54.677458+03,MR,BUY,0.5689,1936.76,1925.05,1946.51,2,"Regime=MR(rc=-0.180,ar=-0.126) | score_mr=-1.542 vs [-1.293,1.940] | conf=0.57",0.7183,0.4769,0.3333,-0.179581,-0.12584,-1.541693,-0.000963,0.00356217,"{""a_min"": 0.1, ""mom_k"": 1.5, ""r_min"": 0.1, ""hold_bars"": 2, ""quantile_hi"": 0.9, ""quantile_lo"": 0.1, ""quantile_window"": 200}",WIN,0.00141997,1943.395,2026-03-03 18:05:00+03,2026-03-03 23:38:52.208771+03
125,5m,2026-03-03 19:06:24.342497+03,MR,BUY,0.7378,1975.4,1959.08,1989.01,2,"Regime=MR(rc=-0.253,ar=-0.230) | score_mr=-1.941 vs [-1.319,1.940] | conf=0.74",1,0.5704,0.3333,-0.252594,-0.230047,-1.94064,0.000981,0.0048689,"{""a_min"": 0.1, ""mom_k"": 1.5, ""r_min"": 0.1, ""hold_bars"": 2, ""quantile_hi"": 0.9, ""quantile_lo"": 0.1, ""quantile_window"": 200}",WIN,0.00796086,1995.175,2026-03-03 19:10:00+03,2026-03-03 23:38:52.20959+03
126,5m,2026-03-03 19:09:26.149946+03,MR,BUY,0.7378,1975.4,1959.08,1989.01,2,"Regime=MR(rc=-0.275,ar=-0.230) | score_mr=-1.941 vs [-1.319,1.940] | conf=0.74",1,0.5704,0.3333,-0.275066,-0.230047,-1.94064,0.000981,0.0048689,"{""a_min"": 0.1, ""mom_k"": 1.5, ""r_min"": 0.1, ""hold_bars"": 2, ""quantile_hi"": 0.9, ""quantile_lo"": 0.1, ""quantile_window"": 200}",WIN,0.00796086,1995.175,2026-03-03 19:10:00+03,2026-03-03 23:38:52.21015+03
80,15m,2026-03-03 12:54:17.122992+03,MR,SELL,0.6582,1951.03,1965.87,1938.66,2,"Regime=MR(rc=-0.146,ar=-0.021) | score_mr=4.719 vs [0.000,0.104] | conf=0.66",0.583,1,0.3333,-0.145755,-0.020752,4.719202,-0.001931,0.0044832,"{""a_min"": 0.1, ""mom_k"": 1.5, ""r_min"": 0.1, ""hold_bars"": 2, ""quantile_hi"": 0.9, ""quantile_lo"": 0.1, ""quantile_window"": 200}",LOSS,-0.00252523,1952.055,2026-03-03 13:30:00+03,2026-03-03 23:38:58.945128+03
81,15m,2026-03-03 13:27:11.109718+03,MR,SELL,0.6548,1948.08,1962.86,1935.75,2,"Regime=MR(rc=-0.144,ar=0.013) | score_mr=1.190 vs [0.000,0.134] | conf=0.65",0.5762,1,0.3333,-0.144058,0.013147,1.189675,-0.001891,0.00447246,"{""a_min"": 0.1, ""mom_k"": 1.5, ""r_min"": 0.1, ""hold_bars"": 2, ""quantile_hi"": 0.9, ""quantile_lo"": 0.1, ""quantile_window"": 200}",LOSS,-0.00738821,1958.605,2026-03-03 14:00:00+03,2026-03-03 23:38:58.945901+03
82,15m,2026-03-03 13:30:13.755005+03,MR,SELL,0.6557,1948.08,1962.86,1935.75,2,"Regime=MR(rc=-0.145,ar=0.013) | score_mr=1.190 vs [0.000,0.134] | conf=0.66",0.5781,1,0.3333,-0.144518,0.013147,1.189675,-0.001891,0.00447246,"{""a_min"": 0.1, ""mom_k"": 1.5, ""r_min"": 0.1, ""hold_bars"": 2, ""quantile_hi"": 0.9, ""quantile_lo"": 0.1, ""quantile_window"": 200}",LOSS,-0.00738821,1958.605,2026-03-03 14:00:00+03,2026-03-03 23:38:58.946943+03
84,15m,2026-03-03 14:02:45.694146+03,MR,SELL,0.6651,1952.06,1967.06,1939.55,2,"Regime=MR(rc=-0.149,ar=0.014) | score_mr=1.536 vs [0.000,0.331] | conf=0.67",0.5969,1,0.3333,-0.149225,0.014191,1.536104,-0.001361,0.00452854,"{""a_min"": 0.1, ""mom_k"": 1.5, ""r_min"": 0.1, ""hold_bars"": 2, ""quantile_hi"": 0.9, ""quantile_lo"": 0.1, ""quantile_window"": 200}",LOSS,-0.00813108,1964.065,2026-03-03 14:30:00+03,2026-03-03 23:38:58.947568+03
86,15m,2026-03-03 14:05:47.536986+03,MR,SELL,0.6642,1952.06,1967.06,1939.55,2,"Regime=MR(rc=-0.149,ar=0.014) | score_mr=1.536 vs [0.000,0.331] | conf=0.66",0.5952,1,0.3333,-0.148791,0.014191,1.536104,-0.001361,0.00452854,"{""a_min"": 0.1, ""mom_k"": 1.5, ""r_min"": 0.1, ""hold_bars"": 2, ""quantile_hi"": 0.9, ""quantile_lo"": 0.1, ""quantile_window"": 200}",LOSS,-0.00813108,1964.065,2026-03-03 14:30:00+03,2026-03-03 23:38:58.948129+03
89,15m,2026-03-03 14:11:53.814081+03,MR,SELL,0.6644,1952.06,1967.06,1939.55,2,"Regime=MR(rc=-0.149,ar=0.014) | score_mr=1.536 vs [0.000,0.331] | conf=0.66",0.5956,1,0.3333,-0.14889,0.014191,1.536104,-0.001361,0.00452854,"{""a_min"": 0.1, ""mom_k"": 1.5, ""r_min"": 0.1, ""hold_bars"": 2, ""quantile_hi"": 0.9, ""quantile_lo"": 0.1, ""quantile_window"": 200}",LOSS,-0.00655657,1960.975,2026-03-03 14:45:00+03,2026-03-03 23:38:58.949745+03
90,15m,2026-03-03 14:14:58.71094+03,MR,SELL,0.665,1952.06,1967.06,1939.55,2,"Regime=MR(rc=-0.149,ar=0.014) | score_mr=1.536 vs [0.000,0.331] | conf=0.66",0.5966,1,0.3333,-0.149152,0.014191,1.536104,-0.001361,0.00452854,"{""a_min"": 0.1, ""mom_k"": 1.5, ""r_min"": 0.1, ""hold_bars"": 2, ""quantile_hi"": 0.9, ""quantile_lo"": 0.1, ""quantile_window"": 200}",LOSS,-0.00655657,1960.975,2026-03-03 14:45:00+03,2026-03-03 23:38:58.95027+03
92,15m,2026-03-03 14:21:05.787433+03,MR,SELL,0.6581,1958.61,1973.4,1946.27,2,"Regime=MR(rc=-0.146,ar=0.038) | score_mr=1.894 vs [0.000,0.362] | conf=0.66",0.5828,1,0.3333,-0.145692,0.03794,1.894391,-0.000913,0.00445149,"{""a_min"": 0.1, ""mom_k"": 1.5, ""r_min"": 0.1, ""hold_bars"": 2, ""quantile_hi"": 0.9, ""quantile_lo"": 0.1, ""quantile_window"": 200}",LOSS,-0.00320676,1960.975,2026-03-03 14:45:00+03,2026-03-03 23:38:58.951192+03
93,15m,2026-03-03 14:24:09.203841+03,MR,SELL,0.6629,1958.61,1973.4,1946.27,2,"Regime=MR(rc=-0.148,ar=0.038) | score_mr=1.894 vs [0.000,0.362] | conf=0.66",0.5924,1,0.3333,-0.148107,0.03794,1.894391,-0.000913,0.00445149,"{""a_min"": 0.1, ""mom_k"": 1.5, ""r_min"": 0.1, ""hold_bars"": 2, ""quantile_hi"": 0.9, ""quantile_lo"": 0.1, ""quantile_window"": 200}",LOSS,-0.00806497,1970.525,2026-03-03 15:00:00+03,2026-03-03 23:38:58.951638+03
94,15m,2026-03-03 14:27:30.118956+03,MR,SELL,0.6627,1958.61,1973.4,1946.27,2,"Regime=MR(rc=-0.148,ar=0.038) | score_mr=1.894 vs [0.000,0.362] | conf=0.66",0.5921,1,0.3333,-0.148029,0.03794,1.894391,-0.000913,0.00445149,"{""a_min"": 0.1, ""mom_k"": 1.5, ""r_min"": 0.1, ""hold_bars"": 2, ""quantile_hi"": 0.9, ""quantile_lo"": 0.1, ""quantile_window"": 200}",LOSS,-0.00806497,1970.525,2026-03-03 15:00:00+03,2026-03-03 23:38:58.952084+03
96,15m,2026-03-03 14:33:42.541861+03,MR,SELL,0.6586,1957.76,1972.37,1945.58,2,"Regime=MR(rc=-0.146,ar=0.034) | score_mr=1.018 vs [0.000,0.428] | conf=0.66",0.5839,1,0.3333,-0.145986,0.033681,1.01816,-0.000867,0.00439798,"{""a_min"": 0.1, ""mom_k"": 1.5, ""r_min"": 0.1, ""hold_bars"": 2, ""quantile_hi"": 0.9, ""quantile_lo"": 0.1, ""quantile_window"": 200}",LOSS,-0.00849904,1970.525,2026-03-03 15:00:00+03,2026-03-03 23:38:58.95296+03
97,15m,2026-03-03 14:36:45.87472+03,MR,SELL,0.6604,1957.76,1972.37,1945.58,2,"Regime=MR(rc=-0.147,ar=0.034) | score_mr=1.018 vs [0.000,0.428] | conf=0.66",0.5874,1,0.3333,-0.146858,0.033681,1.01816,-0.000867,0.00439798,"{""a_min"": 0.1, ""mom_k"": 1.5, ""r_min"": 0.1, ""hold_bars"": 2, ""quantile_hi"": 0.9, ""quantile_lo"": 0.1, ""quantile_window"": 200}",LOSS,-0.00849904,1970.525,2026-03-03 15:00:00+03,2026-03-03 23:38:58.953454+03
99,15m,2026-03-03 14:42:58.016782+03,MR,SELL,0.6605,1957.76,1972.37,1945.58,2,"Regime=MR(rc=-0.147,ar=0.034) | score_mr=1.018 vs [0.000,0.428] | conf=0.66",0.5876,1,0.3333,-0.146898,0.033681,1.01816,-0.000867,0.00439798,"{""a_min"": 0.1, ""mom_k"": 1.5, ""r_min"": 0.1, ""hold_bars"": 2, ""quantile_hi"": 0.9, ""quantile_lo"": 0.1, ""quantile_window"": 200}",LOSS,-0.01058767,1974.645,2026-03-03 15:15:00+03,2026-03-03 23:38:58.954393+03
100,15m,2026-03-03 14:45:52.636794+03,MR,SELL,0.6604,1957.76,1972.37,1945.58,2,"Regime=MR(rc=-0.147,ar=0.034) | score_mr=1.018 vs [0.000,0.428] | conf=0.66",0.5875,1,0.3333,-0.146876,0.033681,1.01816,-0.000867,0.00439798,"{""a_min"": 0.1, ""mom_k"": 1.5, ""r_min"": 0.1, ""hold_bars"": 2, ""quantile_hi"": 0.9, ""quantile_lo"": 0.1, ""quantile_window"": 200}",LOSS,-0.01058767,1974.645,2026-03-03 15:15:00+03,2026-03-03 23:38:58.95482+03
103,15m,2026-03-03 15:24:37.11923+03,MR,SELL,0.6571,1970.53,1984.7,1958.71,2,"Regime=MR(rc=-0.145,ar=0.017) | score_mr=1.861 vs [0.000,0.722] | conf=0.66",0.5809,1,0.3333,-0.145218,0.016673,1.861082,-6.4e-05,0.00424001,"{""a_min"": 0.1, ""mom_k"": 1.5, ""r_min"": 0.1, ""hold_bars"": 2, ""quantile_hi"": 0.9, ""quantile_lo"": 0.1, ""quantile_window"": 200}",WIN,0.00852189,1949.905,2026-03-03 16:00:00+03,2026-03-03 23:38:58.955779+03
105,15m,2026-03-03 15:27:48.872041+03,MR,SELL,0.6575,1970.53,1984.7,1958.71,2,"Regime=MR(rc=-0.145,ar=0.017) | score_mr=1.861 vs [0.000,0.722] | conf=0.66",0.5816,1,0.3333,-0.1454,0.016673,1.861082,-6.4e-05,0.00424001,"{""a_min"": 0.1, ""mom_k"": 1.5, ""r_min"": 0.1, ""hold_bars"": 2, ""quantile_hi"": 0.9, ""quantile_lo"": 0.1, ""quantile_window"": 200}",WIN,0.00852189,1949.905,2026-03-03 16:00:00+03,2026-03-03 23:38:58.956345+03
110,15m,2026-03-03 15:40:02.637928+03,MR,SELL,0.6503,1974.64,1988.99,1962.69,2,"Regime=MR(rc=-0.142,ar=0.033) | score_mr=2.966 vs [0.000,0.752] | conf=0.65",0.5673,1,0.3333,-0.141815,0.033063,2.965637,0.000141,0.00428146,"{""a_min"": 0.1, ""mom_k"": 1.5, ""r_min"": 0.1, ""hold_bars"": 2, ""quantile_hi"": 0.9, ""quantile_lo"": 0.1, ""quantile_window"": 200}",WIN,0.00695042,1957.045,2026-03-03 16:15:00+03,2026-03-03 23:38:58.958812+03
111,15m,2026-03-03 15:43:05.794415+03,MR,SELL,0.6491,1974.64,1988.99,1962.69,2,"Regime=MR(rc=-0.141,ar=0.033) | score_mr=2.966 vs [0.000,0.752] | conf=0.65",0.5648,1,0.3333,-0.141195,0.033063,2.965637,0.000141,0.00428146,"{""a_min"": 0.1, ""mom_k"": 1.5, ""r_min"": 0.1, ""hold_bars"": 2, ""quantile_hi"": 0.9, ""quantile_lo"": 0.1, ""quantile_window"": 200}",WIN,0.00695042,1957.045,2026-03-03 16:15:00+03,2026-03-03 23:38:58.959297+03
112,15m,2026-03-03 15:46:09.589873+03,MR,BUY,0.6503,1967.34,1952.85,1979.41,2,"Regime=MR(rc=-0.142,ar=0.003) | score_mr=-0.822 vs [0.000,0.752] | conf=0.65",0.5672,1,0.3333,-0.141809,0.002592,-0.821888,-0.000226,0.00433893,"{""a_min"": 0.1, ""mom_k"": 1.5, ""r_min"": 0.1, ""hold_bars"": 2, ""quantile_hi"": 0.9, ""quantile_lo"": 0.1, ""quantile_window"": 200}",LOSS,-0.00724669,1957.045,2026-03-03 16:15:00+03,2026-03-03 23:38:58.959843+03
113,15m,2026-03-03 15:49:12.333592+03,MR,BUY,0.6504,1967.34,1952.85,1979.41,2,"Regime=MR(rc=-0.142,ar=0.003) | score_mr=-0.822 vs [0.000,0.752] | conf=0.65",0.5674,1,0.3333,-0.141842,0.002592,-0.821888,-0.000226,0.00433893,"{""a_min"": 0.1, ""mom_k"": 1.5, ""r_min"": 0.1, ""hold_bars"": 2, ""quantile_hi"": 0.9, ""quantile_lo"": 0.1, ""quantile_window"": 200}",LOSS,-0.00724669,1957.045,2026-03-03 16:15:00+03,2026-03-03 23:38:58.960582+03
114,15m,2026-03-03 15:52:15.558022+03,MR,BUY,0.6467,1967.34,1952.85,1979.41,2,"Regime=MR(rc=-0.140,ar=0.003) | score_mr=-0.822 vs [0.000,0.752] | conf=0.65",0.5601,1,0.3333,-0.140014,0.002592,-0.821888,-0.000226,0.00433893,"{""a_min"": 0.1, ""mom_k"": 1.5, ""r_min"": 0.1, ""hold_bars"": 2, ""quantile_hi"": 0.9, ""quantile_lo"": 0.1, ""quantile_window"": 200}",LOSS,-0.00724669,1957.045,2026-03-03 16:15:00+03,2026-03-03 23:38:58.961122+03
115,15m,2026-03-03 15:55:16.246046+03,MR,BUY,0.6506,1967.34,1952.85,1979.41,2,"Regime=MR(rc=-0.142,ar=0.003) | score_mr=-0.822 vs [0.000,0.752] | conf=0.65",0.5678,1,0.3333,-0.141946,0.002592,-0.821888,-0.000226,0.00433893,"{""a_min"": 0.1, ""mom_k"": 1.5, ""r_min"": 0.1, ""hold_bars"": 2, ""quantile_hi"": 0.9, ""quantile_lo"": 0.1, ""quantile_window"": 200}",LOSS,-0.01029675,1951.085,2026-03-03 16:30:00+03,2026-03-03 23:38:58.961645+03
116,15m,2026-03-03 15:58:22.061789+03,MR,BUY,0.6512,1967.34,1952.85,1979.41,2,"Regime=MR(rc=-0.142,ar=0.003) | score_mr=-0.822 vs [0.000,0.752] | conf=0.65",0.5691,1,0.3333,-0.142285,0.002592,-0.821888,-0.000226,0.00433893,"{""a_min"": 0.1, ""mom_k"": 1.5, ""r_min"": 0.1, ""hold_bars"": 2, ""quantile_hi"": 0.9, ""quantile_lo"": 0.1, ""quantile_window"": 200}",LOSS,-0.01029675,1951.085,2026-03-03 16:30:00+03,2026-03-03 23:38:58.962214+03
117,15m,2026-03-03 16:01:24.519722+03,MR,BUY,0.659,1967.19,1953.03,1979,2,"Regime=MR(rc=-0.146,ar=-0.001) | score_mr=-0.993 vs [0.000,0.752] | conf=0.66",0.5847,1,0.3333,-0.146175,-0.001126,-0.992532,-0.000211,0.00424353,"{""a_min"": 0.1, ""mom_k"": 1.5, ""r_min"": 0.1, ""hold_bars"": 2, ""quantile_hi"": 0.9, ""quantile_lo"": 0.1, ""quantile_window"": 200}",LOSS,-0.0102205,1951.085,2026-03-03 16:30:00+03,2026-03-03 23:38:58.962814+03
118,15m,2026-03-03 16:04:26.467256+03,MR,BUY,0.6493,1967.19,1953.03,1979,2,"Regime=MR(rc=-0.141,ar=-0.001) | score_mr=-0.993 vs [0.000,0.752] | conf=0.65",0.5653,1,0.3333,-0.141316,-0.001126,-0.992532,-0.000211,0.00424353,"{""a_min"": 0.1, ""mom_k"": 1.5, ""r_min"": 0.1, ""hold_bars"": 2, ""quantile_hi"": 0.9, ""quantile_lo"": 0.1, ""quantile_window"": 200}",LOSS,-0.0102205,1951.085,2026-03-03 16:30:00+03,2026-03-03 23:38:58.96338+03
119,15m,2026-03-03 16:07:30.370418+03,MR,BUY,0.6461,1967.19,1953.03,1979,2,"Regime=MR(rc=-0.140,ar=-0.001) | score_mr=-0.993 vs [0.000,0.752] | conf=0.65",0.5589,1,0.3333,-0.139724,-0.001126,-0.992532,-0.000211,0.00424353,"{""a_min"": 0.1, ""mom_k"": 1.5, ""r_min"": 0.1, ""hold_bars"": 2, ""quantile_hi"": 0.9, ""quantile_lo"": 0.1, ""quantile_window"": 200}",LOSS,-0.00971834,1952.065,2026-03-03 16:45:00+03,2026-03-03 23:38:58.963899+03
120,15m,2026-03-03 16:10:33.725643+03,MR,BUY,0.6415,1967.19,1953.03,1979,2,"Regime=MR(rc=-0.137,ar=-0.001) | score_mr=-0.993 vs [0.000,0.752] | conf=0.64",0.5497,1,0.3333,-0.137425,-0.001126,-0.992532,-0.000211,0.00424353,"{""a_min"": 0.1, ""mom_k"": 1.5, ""r_min"": 0.1, ""hold_bars"": 2, ""quantile_hi"": 0.9, ""quantile_lo"": 0.1, ""quantile_window"": 200}",LOSS,-0.00971834,1952.065,2026-03-03 16:45:00+03,2026-03-03 23:38:58.96439+03
121,15m,2026-03-03 16:13:35.933679+03,MR,BUY,0.6322,1967.19,1953.03,1979,2,"Regime=MR(rc=-0.133,ar=-0.001) | score_mr=-0.993 vs [0.000,0.752] | conf=0.63",0.5311,1,0.3333,-0.132777,-0.001126,-0.992532,-0.000211,0.00424353,"{""a_min"": 0.1, ""mom_k"": 1.5, ""r_min"": 0.1, ""hold_bars"": 2, ""quantile_hi"": 0.9, ""quantile_lo"": 0.1, ""quantile_window"": 200}",LOSS,-0.00971834,1952.065,2026-03-03 16:45:00+03,2026-03-03 23:38:58.964871+03
130,15m,2026-03-03 20:08:09.582881+03,MR,BUY,0.7792,1984.24,1954.18,2009.3,3,"Regime=MR(rc=-0.203,ar=-0.083) | score_mr=-0.609 vs [-0.014,0.330] | conf=0.78",0.8126,1,0.3644,-0.20314,-0.083068,-0.608984,0.000859,0.00728958,"{""a_min"": 0.1, ""mom_k"": 1.5, ""r_min"": 0.1, ""hold_bars"": 3, ""quantile_hi"": 0.85, ""quantile_lo"": 0.15, ""quantile_window"": 200}",LOSS,-0.00744002,1973.475,2026-03-03 21:00:00+03,2026-03-03 23:38:58.966996+03
131,15m,2026-03-03 20:11:12.801769+03,MR,BUY,0.7464,1984.24,1954.18,2009.3,3,"Regime=MR(rc=-0.187,ar=-0.083) | score_mr=-0.609 vs [-0.014,0.330] | conf=0.75",0.7471,1,0.3644,-0.186781,-0.083068,-0.608984,0.000859,0.00728958,"{""a_min"": 0.1, ""mom_k"": 1.5, ""r_min"": 0.1, ""hold_bars"": 3, ""quantile_hi"": 0.85, ""quantile_lo"": 0.15, ""quantile_window"": 200}",LOSS,-0.00744002,1973.475,2026-03-03 21:00:00+03,2026-03-03 23:38:58.96747+03
132,15m,2026-03-03 20:14:15.852141+03,MR,BUY,0.7504,1984.24,1954.18,2009.3,3,"Regime=MR(rc=-0.189,ar=-0.083) | score_mr=-0.609 vs [-0.014,0.330] | conf=0.75",0.7551,1,0.3644,-0.188783,-0.083068,-0.608984,0.000859,0.00728958,"{""a_min"": 0.1, ""mom_k"": 1.5, ""r_min"": 0.1, ""hold_bars"": 3, ""quantile_hi"": 0.85, ""quantile_lo"": 0.15, ""quantile_window"": 200}",LOSS,-0.00744002,1973.475,2026-03-03 21:00:00+03,2026-03-03 23:38:58.967938+03
133,15m,2026-03-03 20:17:23.398874+03,MR,BUY,0.5892,1970.64,1940.34,1995.9,3,"Regime=MR(rc=-0.201,ar=-0.111) | score_mr=-0.139 vs [-0.035,0.330] | conf=0.59",0.8044,0.3803,0.3644,-0.201096,-0.111499,-0.138796,0.000122,0.00739942,"{""a_min"": 0.1, ""mom_k"": 1.5, ""r_min"": 0.1, ""hold_bars"": 3, ""quantile_hi"": 0.85, ""quantile_lo"": 0.15, ""quantile_window"": 200}",LOSS,-0.00056241,1973.475,2026-03-03 21:00:00+03,2026-03-03 23:38:58.968413+03
134,15m,2026-03-03 20:20:27.665488+03,MR,BUY,0.5948,1970.64,1940.34,1995.9,3,"Regime=MR(rc=-0.204,ar=-0.111) | score_mr=-0.139 vs [-0.035,0.330] | conf=0.59",0.8157,0.3803,0.3644,-0.203917,-0.111499,-0.138796,0.000122,0.00739942,"{""a_min"": 0.1, ""mom_k"": 1.5, ""r_min"": 0.1, ""hold_bars"": 3, ""quantile_hi"": 0.85, ""quantile_lo"": 0.15, ""quantile_window"": 200}",LOSS,-0.00056241,1973.475,2026-03-03 21:00:00+03,2026-03-03 23:38:58.968878+03
135,15m,2026-03-03 20:23:29.581491+03,MR,BUY,0.5994,1970.64,1940.34,1995.9,3,"Regime=MR(rc=-0.206,ar=-0.111) | score_mr=-0.139 vs [-0.035,0.330] | conf=0.60",0.8249,0.3803,0.3644,-0.206218,-0.111499,-0.138796,0.000122,0.00739942,"{""a_min"": 0.1, ""mom_k"": 1.5, ""r_min"": 0.1, ""hold_bars"": 3, ""quantile_hi"": 0.85, ""quantile_lo"": 0.15, ""quantile_window"": 200}",WIN,0.00592783,1986.325,2026-03-03 21:15:00+03,2026-03-03 23:38:58.96946+03
136,15m,2026-03-03 20:26:33.306125+03,MR,BUY,0.5992,1970.64,1940.34,1995.9,3,"Regime=MR(rc=-0.206,ar=-0.111) | score_mr=-0.139 vs [-0.035,0.330] | conf=0.60",0.8243,0.3803,0.3644,-0.206087,-0.111499,-0.138796,0.000122,0.00739942,"{""a_min"": 0.1, ""mom_k"": 1.5, ""r_min"": 0.1, ""hold_bars"": 3, ""quantile_hi"": 0.85, ""quantile_lo"": 0.15, ""quantile_window"": 200}",WIN,0.00592783,1986.325,2026-03-03 21:15:00+03,2026-03-03 23:38:58.969945+03
137,15m,2026-03-03 20:29:35.262979+03,MR,BUY,0.5972,1970.64,1940.34,1995.9,3,"Regime=MR(rc=-0.205,ar=-0.111) | score_mr=-0.139 vs [-0.035,0.330] | conf=0.60",0.8204,0.3803,0.3644,-0.205102,-0.111499,-0.138796,0.000122,0.00739942,"{""a_min"": 0.1, ""mom_k"": 1.5, ""r_min"": 0.1, ""hold_bars"": 3, ""quantile_hi"": 0.85, ""quantile_lo"": 0.15, ""quantile_window"": 200}",WIN,0.00592783,1986.325,2026-03-03 21:15:00+03,2026-03-03 23:38:58.97043+03
138,15m,2026-03-03 20:32:38.768731+03,MR,BUY,0.7646,1976.57,1946.1,2001.95,3,"Regime=MR(rc=-0.196,ar=-0.123) | score_mr=-0.687 vs [-0.139,0.330] | conf=0.76",0.7834,1,0.3644,-0.195853,-0.12322,-0.686649,0.000397,0.00741572,"{""a_min"": 0.1, ""mom_k"": 1.5, ""r_min"": 0.1, ""hold_bars"": 3, ""quantile_hi"": 0.85, ""quantile_lo"": 0.15, ""quantile_window"": 200}",WIN,0.00292318,1986.325,2026-03-03 21:15:00+03,2026-03-03 23:38:58.97091+03
139,15m,2026-03-03 20:35:42.119366+03,MR,BUY,0.744,1976.57,1946.1,2001.95,3,"Regime=MR(rc=-0.186,ar=-0.123) | score_mr=-0.687 vs [-0.139,0.330] | conf=0.74",0.7421,1,0.3644,-0.185537,-0.12322,-0.686649,0.000397,0.00741572,"{""a_min"": 0.1, ""mom_k"": 1.5, ""r_min"": 0.1, ""hold_bars"": 3, ""quantile_hi"": 0.85, ""quantile_lo"": 0.15, ""quantile_window"": 200}",WIN,0.00292318,1986.325,2026-03-03 21:15:00+03,2026-03-03 23:38:58.971379+03
140,15m,2026-03-03 20:38:47.012414+03,MR,BUY,0.7619,1976.57,1946.1,2001.95,3,"Regime=MR(rc=-0.194,ar=-0.123) | score_mr=-0.687 vs [-0.139,0.330] | conf=0.76",0.778,1,0.3644,-0.194495,-0.12322,-0.686649,0.000397,0.00741572,"{""a_min"": 0.1, ""mom_k"": 1.5, ""r_min"": 0.1, ""hold_bars"": 3, ""quantile_hi"": 0.85, ""quantile_lo"": 0.15, ""quantile_window"": 200}",WIN,0.00639593,1993.235,2026-03-03 21:30:00+03,2026-03-03 23:38:58.97202+03
141,15m,2026-03-03 20:41:48.625492+03,MR,BUY,0.7659,1976.57,1946.1,2001.95,3,"Regime=MR(rc=-0.197,ar=-0.123) | score_mr=-0.687 vs [-0.139,0.330] | conf=0.77",0.7861,1,0.3644,-0.196524,-0.12322,-0.686649,0.000397,0.00741572,"{""a_min"": 0.1, ""mom_k"": 1.5, ""r_min"": 0.1, ""hold_bars"": 3, ""quantile_hi"": 0.85, ""quantile_lo"": 0.15, ""quantile_window"": 200}",WIN,0.00639593,1993.235,2026-03-03 21:30:00+03,2026-03-03 23:38:58.972671+03
151,15m,2026-03-03 21:12:26.881558+03,MR,BUY,0.7734,1980.83,1950.46,2006.13,3,"Regime=MR(rc=-0.199,ar=-0.121) | score_mr=-0.752 vs [-0.230,0.330] | conf=0.77",0.7961,1,0.3767,-0.199034,-0.121365,-0.75156,0.00053,0.00737631,"{""a_min"": 0.1, ""mom_k"": 1.5, ""r_min"": 0.1, ""hold_bars"": 3, ""quantile_hi"": 0.85, ""quantile_lo"": 0.15, ""quantile_window"": 200}",WIN,0.00061417,1986.015,2026-03-03 22:00:00+03,2026-03-03 23:38:58.978125+03
152,15m,2026-03-03 21:15:28.662464+03,MR,BUY,0.7788,1980.83,1950.46,2006.13,3,"Regime=MR(rc=-0.202,ar=-0.121) | score_mr=-0.752 vs [-0.230,0.330] | conf=0.78",0.8068,1,0.3767,-0.201709,-0.121365,-0.75156,0.00053,0.00737631,"{""a_min"": 0.1, ""mom_k"": 1.5, ""r_min"": 0.1, ""hold_bars"": 3, ""quantile_hi"": 0.85, ""quantile_lo"": 0.15, ""quantile_window"": 200}",WIN,0.00061417,1986.015,2026-03-03 22:00:00+03,2026-03-03 23:38:58.9786+03
189,30m,2026-03-05 20:47:32.038152+03,MR,BUY,0.6373,2067.89,2043.23,2088.43,2,"Regime=MR(rc=-0.134,ar=-0.083) | score_mr=-19.463 vs [-3.497,3.128] | price_z=-0.916(gate|z|>=0.50)✓ | conf=0.64",0.5358,1,0.3469,-0.13395,-0.08318,-19.462908,-0.0018,0.00702486,"{""a_min"": 0.1, ""mom_k"": 1.5, ""r_min"": 0.1, ""price_z"": -0.9159, ""hold_bars"": 2, ""trend_min"": 0.002, ""quantile_hi"": 0.9, ""quantile_lo"": 0.1, ""stretch_z_min"": 0.5, ""trend_strength"": -0.000969, ""quantile_window"": 150}",WIN,0.002403,2077.015,2026-03-05 22:00:00+03,2026-03-05 23:36:33.418853+03
